"player_id","friend_reg_flag"
2903656,0
2903572,0
2902598,0
2902686,0
2902672,1
2902780,0
2901480,0
2902967,1
2903323,1
2902615,0
2903349,1
2903990,1
2902088,0
2903768,1
2903182,0
2903198,0
2903235,1
2902129,0
2901332,0
2903414,1
2901538,0
2903967,1
2901328,0
2903781,0
2901938,0
2904013,1
2901316,0
2903579,0
2903625,0
2903089,0
2903664,0
2902642,1
2903122,1
2901906,0
2902099,1
2901531,1
2903422,1
2902408,0
2902560,1
2903516,1
2902398,0
2904063,0
2902608,1
2901456,0
2901545,1
2901420,0
2903193,1
2903197,1
2903538,0
2903874,1
2902112,0
2902132,0
2902409,0
2903327,1
2902690,1
2901387,0
2901179,1
2902690,0
2903278,1
2901693,0
2903481,0
2902691,1
2903604,1
2904000,0
2902697,1
2903230,1
2901897,0
2902524,0
2901886,0
2902281,0
2901425,0
2903970,0
2901183,0
2901771,1
2903563,0
2901027,0
2902136,1
2904031,0
2901232,0
2903474,1
2902908,0
2902312,0
2902555,0
2901138,1
2902511,0
2901025,1
2901758,0
2901382,0
2902410,0
2901394,0
2903547,0
2903918,1
2903837,1
2903774,0
2902005,0
2902071,0
2903115,0
2903303,1
2903475,1
2902835,0
2903611,0
2903111,0
2902257,1
2903719,0
2903927,0
2901926,1
2901049,0
2903454,1
2901276,0
2901930,1
2902750,1
2901855,1
2902221,0
2902480,0
2902867,0
2903394,1
2902741,0
2903662,1
2903573,1
2903629,1
2903223,1
2901745,0
2903124,0
2903440,1
2902663,0
2901167,1
2902403,0
2902128,1
2902873,0
2901905,0
2903382,1
2903765,0
2904074,1
2903788,0
2903177,0
2901490,0
2902625,0
2901107,0
2903686,0
2903396,1
2902928,0
2902334,0
2903580,0
2901478,0
2901500,0
2903550,1
2902013,1
2902126,1
2901184,1
2902406,0
2901291,1
2903449,1
2901130,0
2901607,0
2903041,0
2903802,0
2903486,0
2901799,1
2902582,0
2904054,0
2902951,0
2901343,0
2903669,1
2903666,0
2903756,0
2901014,0
2902165,0
2903934,1
2902638,0
2903716,1
2903838,0
2901212,1
2903947,0
2903267,1
2904031,1
2902251,0
2903506,1
2903640,0
2902540,1
2901611,0
2902136,0
2901139,0
2902696,1
2901216,0
2902907,1
2901976,1
2901070,0
2903538,1
2901196,0
2903311,1
2901878,0
2901296,0
2901153,0
2903090,1
2902936,1
2902985,0
2902322,0
2903778,0
2903778,0
2902920,1
2901547,0
2903701,1
2903932,1
2903448,1
2903464,1
2902129,1
2901104,0
2901386,0
2903131,0
2903582,0
2901454,1
2901756,0
2901221,1
2901126,0
2903932,0
2901588,0
2902820,0
2902607,0
2903269,1
2901489,0
2902481,0
2902951,0
2902830,0
2903344,1
2903942,0
2901397,0
2902528,0
2901185,1
2902509,0
2903762,0
2901087,0
2903247,1
2902095,0
2901413,0
2901783,0
2903555,0
2903633,1
2903052,0
2901249,0
2902575,0
2902545,1
2902733,1
2901139,0
2901584,1
2903877,0
2903778,0
2901463,0
2903548,0
2902212,1
2903159,0
2903240,0
2903154,1
2901714,0
2901352,0
2902339,0
2901099,1
2903668,0
2902645,0
2901906,0
2903755,0
2901720,0
2901927,0
2902050,0
2903302,1
2901338,0
2902730,0
2903405,1
2902400,0
2902897,0
2901609,0
2902942,0
2902491,0
2902262,0
2902153,0
2902126,0
2901805,0
2904075,0
2901436,0
2901667,0
2901443,0
2902181,1
2901573,0
2901714,0
2903992,0
2901557,0
2901809,0
2903094,0
2903639,0
2902938,0
2901249,0
2904065,0
2901390,0
2903059,0
2903387,1
2902746,0
2902458,1
2901968,0
2901069,1
2902826,0
2902815,1
2901183,0
2901569,0
2903005,1
2901390,0
2901751,1
2901964,1
2901833,0
2903446,1
2903336,1
2902963,0
2903114,1
2903119,1
2903245,1
2902827,0
2901862,0
2902225,1
2903112,0
2903407,0
2902178,0
2902217,1
2903038,0
2903126,0
2902464,0
2903199,1
2902040,0
2902067,1
2901306,0
2901709,1
2903558,1
2903234,1
2902211,0
2902371,0
2902478,0
2901614,0
2902973,1
2903101,0
2903524,0
2902138,0
2902868,1
2901825,1
2903619,0
2901248,0
2903635,1
2901942,0
2903944,0
2902567,1
2901204,0
2901028,1
2901500,0
2902840,1
2903632,1
2903541,1
2903181,0
2904041,0
2903370,1
2903111,1
2903952,1
2902357,0
2903123,0
2903231,1
2902762,0
2901062,0
2903458,1
2903252,1
2903225,1
2901771,0
2902377,1
2902515,0
2901645,1
2902207,0
2903471,0
2902253,0
2902958,0
2903724,0
2903852,1
2903424,1
2902934,1
2904032,0
2902434,1
2901370,1
2902566,1
2903858,0
2903583,0
2901910,0
2902841,1
2902887,1
2903040,1
2902785,1
2903187,1
2903330,1
2902726,0
2901372,1
2902464,1
2902652,0
2903311,1
2902956,0
2902787,0
2903007,0
2901259,0
2902743,0
2901256,0
2901620,0
2903746,1
2902413,1
2903646,0
2903250,1
2901101,0
2901097,1
2901492,1
2901060,1
2903078,0
2901543,0
2902654,1
2901917,0
2902573,0
2901128,1
2904085,0
2901801,1
2902147,0
2902772,0
2902687,0
2902875,0
2903028,0
2901665,1
2902792,0
2901989,0
2901209,1
2903113,1
2901784,0
2903389,1
2903964,0
2903162,0
2903132,0
2903047,0
2901729,1
2901065,0
2902821,0
2903118,0
2902724,0
2901157,1
2902174,1
2904048,1
2903561,0
2903939,0
2901018,0
2903128,0
2904007,0
2902987,0
2901544,1
2901292,0
2901467,0
2901304,0
2903190,0
2902636,1
2903653,0
2903850,1
2901283,0
2904011,0
2903155,0
2903690,0
2903991,0
2902961,0
2902974,1
2903277,1
2901337,0
2901280,0
2902073,0
2901366,0
2902198,0
2904029,0
2902578,0
2903362,1
2902238,0
2903184,0
2903816,0
2903893,0
2903344,1
2903719,0
2903877,0
2902191,0
2902625,1
2901345,0
2901674,1
2901764,1
2901901,0
2903657,0
2903217,1
2903151,0
2902809,1
2903615,0
2901442,1
2901254,0
2902530,1
2902706,0
2903526,0
2904006,0
2902499,0
2903411,1
2904041,0
2903896,1
2902838,0
2901875,0
2903434,1
2903168,0
2902573,1
2902834,0
2903867,1
2901459,0
2903355,1
2902894,0
2903883,1
2902704,0
2902972,0
2901416,0
2903448,1
2901575,0
2903187,1
2902426,0
2902081,0
2902545,1
2904037,1
2902651,0
2901104,0
2902352,1
2901095,0
2903515,0
2903189,1
2902724,0
2901388,1
2903755,0
2901661,1
2903175,0
2902982,1
2902096,1
2901276,0
2901352,0
2903293,1
2901498,0
2902500,0
2903775,0
2901900,0
2903717,0
2903038,0
2903758,1
2902665,1
2904021,0
2903547,1
2901712,0
2902417,0
2903356,1
2902236,0
2902262,0
2903577,1
2902364,0
2902238,0
2901449,1
2902244,0
2901361,0
2901462,0
2901577,0
2902193,1
2903978,1
2902706,0
2904008,0
2901375,0
2902076,0
2902945,0
2903616,0
2901385,0
2903108,1
2901759,0
2903796,0
2903911,0
2904041,1
2901925,0
2903238,1
2901028,0
2903046,0
2903713,0
2901173,0
2903414,1
2903172,0
2902671,0
2901625,0
2901551,0
2903634,0
2901212,0
2902729,0
2903573,0
2903342,1
2901741,0
2902515,0
2902456,0
2902580,0
2902208,0
2903880,0
2903790,1
2903684,0
2903105,1
2901388,0
2902311,0
2903859,0
2902388,0
2901163,0
2902126,1
2903476,1
2902117,0
2901726,1
2901601,0
2903462,1
2902777,1
2902402,0
2904073,1
2901800,1
2902884,0
2903047,0
2901773,0
2903160,0
2903840,0
2903191,0
2901369,1
2901591,0
2902399,0
2901920,0
2902935,0
2903646,0
2903578,1
2902242,0
2901387,0
2902258,0
2903756,1
2903970,0
2903283,1
2901468,1
2902206,0
2902704,0
2901457,0
2903892,0
2901399,1
2901558,0
2902625,1
2901856,0
2901324,0
2903257,1
2902757,1
2903243,1
2902603,0
2902874,0
2901516,0
2901403,1
2902075,1
2902386,0
2902331,0
2902229,1
2902071,1
2901719,1
2903385,1
2901350,0
2901083,0
2902747,0
2901659,0
2902227,0
2902499,0
2903879,0
2903552,0
2901976,1
2903246,1
2904076,1
2901969,0
2903946,0
2903308,1
2903499,0
2903165,0
2902832,0
2901041,0
2903072,0
2901384,0
2903076,0
2902255,0
2901248,0
2903324,1
2902442,0
2902743,0
2903920,1
2902361,0
2901458,1
2902573,0
2902650,0
2902435,0
2903184,1
2902932,0
2901280,0
2903273,1
2901483,0
2903563,0
2903533,1
2901695,0
2903408,1
2901854,0
2903382,1
2901874,0
2903328,1
2903310,1
2903594,1
2901285,1
2904035,0
2901064,0
2901741,0
2901228,1
2901814,0
2901720,0
2902968,0
2903260,1
2902011,1
2903488,1
2902199,1
2903300,1
2903473,1
2902223,1
2904012,0
2901021,1
2903252,1
2902861,1
2901790,0
2902058,0
2903735,0
2903003,0
2902615,1
2903569,1
2901037,0
2902891,0
2902147,0
2903206,1
2903401,1
2901210,1
2902389,0
2903492,0
2901518,1
2901137,1
2903567,0
2901646,0
2903844,1
2903725,0
2903454,1
2903451,1
2902998,0
2901563,0
2902791,0
2902781,0
2901513,0
2902118,0
2901370,1
2902143,0
2902563,1
2901532,1
2901898,0
2901470,1
2902508,0
2901516,0
2903317,1
2901621,1
2902856,1
2902000,0
2901224,1
2901187,1
2903000,0
2901278,0
2903427,1
2901021,0
2902687,0
2902585,0
2902728,1
2902738,0
2901629,1
2902573,0
2902533,0
2902753,1
2903301,1
2903977,0
2902349,0
2901154,0
2902940,0
2902246,0
2903610,1
2901244,1
2903226,1
2902833,0
2901888,0
2902030,0
2903926,0
2902354,0
2903003,1
2901147,0
2902915,0
2901125,0
2902525,0
2903218,1
2903377,1
2902823,0
2901274,0
2902006,1
2902348,0
2902495,1
2903642,1
2903556,0
2901652,0
2901649,0
2902085,0
2902696,0
2901133,0
2903184,0
2903694,0
2901318,1
2902310,0
2902041,0
2902812,0
2901045,1
2902555,0
2902015,0
2901772,0
2903036,0
2901681,0
2902182,0
2903128,0
2901733,1
2902464,0
2901330,0
2904071,1
2901411,0
2901285,0
2902256,1
2904070,0
2902806,1
2901442,0
2903521,0
2902098,0
2901540,1
2903960,1
2901571,0
2903286,1
2902413,0
2902822,1
2903670,0
2901979,0
2903614,1
2903803,0
2903958,0
2903887,1
2902892,0
2901366,1
2903170,0
2902079,0
2901860,1
2902276,1
2902729,0
2901715,0
2901575,0
2903748,1
2901729,1
2903691,0
2901534,0
2901747,0
2901857,0
2902861,0
2904085,0
2901606,1
2901398,0
2902929,1
2901963,0
2901215,0
2903180,0
2902423,0
2903871,0
2903123,1
2901156,0
2901117,1
2902722,1
2903836,0
2901729,1
2903578,1
2902028,0
2901239,1
2903652,0
2902612,0
2903214,1
2902390,1
2901769,0
2903450,1
2901084,1
2902363,1
2903643,1
2902223,1
2901780,0
2902729,0
2902843,1
2902673,0
2901541,1
2903794,0
2901612,0
2903444,1
2901537,0
2902575,1
2903609,1
2903262,1
2902308,0
2902753,1
2902517,0
2902260,0
2902160,0
2903622,1
2901052,0
2901526,0
2901243,0
2901434,0
2902402,0
2901645,0
2904083,0
2902734,0
2903707,0
2901268,0
2901886,0
2902356,0
2901735,1
2903124,1
2901409,1
2903957,0
2902350,0
2902534,0
2903222,1
2902392,0
2902502,0
2901543,0
2901476,0
2902891,1
2902107,0
2903246,0
2902188,0
2901032,0
2901247,0
2901557,1
2903261,1
2902200,0
2902659,0
2901459,0
2903862,0
2903475,1
2901080,0
2902849,0
2901985,1
2901558,0
2903345,1
2903334,1
2903449,1
2903251,1
2901395,1
2903423,1
2903050,0
2904058,0
2902535,0
2903501,0
2903390,1
2903835,0
2901365,0
2903013,1
2901569,1
2902624,0
2903291,1
2901916,0
2901370,0
2902654,0
2902315,0
2903641,1
2901572,1
2902850,0
2903199,0
2903556,1
2902258,1
2902734,0
2903941,0
2902260,0
2903634,1
2902822,0
2903999,0
2902335,0
2901739,0
2901070,0
2901868,0
2902903,1
2902874,0
2903080,0
2903429,1
2901623,1
2901212,0
2902648,0
2902841,0
2903353,1
2902411,0
2902294,0
2903676,0
2902866,0
2902797,0
2902938,0
2902464,1
2901770,0
2902441,0
2902508,0
2902801,1
2901090,1
2902968,0
2902297,0
2901924,0
2901949,0
2902400,0
2902854,0
2901780,0
2903457,1
2902395,0
2901042,0
2902391,0
2902361,1
2902621,0
2903989,0
2902883,1
2901486,0
2901335,0
2901295,1
2903033,1
2902462,0
2903851,0
2902171,1
2903672,0
2902533,0
2902267,0
2903592,0
2902822,1
2901386,1
2901176,0
2901116,1
2901870,0
2901962,1
2902747,0
2902958,0
2902506,0
2903495,0
2901526,0
2902486,1
2903310,1
2901380,0
2902487,0
2902214,1
2902574,0
2903081,1
2902302,0
2901500,0
2901276,0
2902054,0
2902861,0
2902184,0
2903405,1
2902394,0
2902175,0
2902048,0
2903503,1
2902341,0
2901912,0
2901393,0
2903913,1
2902038,1
2902678,0
2902175,1
2902059,0
2903031,0
2901165,1
2902003,0
2903202,1
2903388,1
2901507,1
2901122,0
2903090,0
2902975,0
2902072,1
2903074,0
2901640,1
2901304,0
2901370,0
2904056,1
2902380,0
2901275,0
2902340,0
2903120,0
2903335,1
2903467,1
2901728,0
2901737,1
2903867,0
2903819,1
2901550,0
2901285,0
2902573,1
2901549,0
2902993,0
2903273,1
2903866,0
2901906,0
2902633,0
2903176,0
2903046,0
2902406,0
2904086,1
2902821,0
2903326,1
2901391,1
2901212,0
2902452,0
2902022,0
2901455,0
2902080,0
2902639,1
2901790,0
2902009,1
2901546,1
2901219,0
2902502,0
2902802,0
2901314,0
2903796,0
2901733,0
2902080,0
2903955,0
2902129,0
2901346,0
2902286,1
2901755,0
2903786,0
2901736,1
2901862,0
2903155,0
2901671,1
2903899,0
2902520,1
2903480,1
2901217,1
2901643,0
2903827,0
2902140,1
2903510,0
2901696,0
2902802,0
2903235,1
2903538,0
2903751,1
2901976,0
2904014,1
2901522,1
2902431,1
2902275,0
2903508,0
2901182,0
2903754,0
2903065,0
2902118,0
2901504,0
2903814,1
2901583,1
2903998,0
2902324,1
2903847,0
2901392,0
2903492,0
2902530,0
2902865,1
2903896,0
2901035,1
2903240,1
2902097,1
2903679,1
2902781,0
2902604,0
2901185,0
2901683,0
2901382,0
2903201,0
2903079,0
2902531,1
2903536,0
2903806,0
2902943,0
2902931,0
2901574,0
2902773,0
2902263,0
2903885,0
2901228,1
2903497,0
2901567,0
2902984,0
2903205,1
2901569,0
2903745,1
2901911,1
2903965,1
2903814,0
2901818,0
2903676,0
2902835,0
2902707,1
2903415,1
2901722,0
2901128,0
2903581,0
2903668,1
2902530,1
2904010,1
2903265,1
2902568,0
2902556,1
2901495,0
2903282,1
2902665,1
2903220,1
2901600,1
2903370,1
2901218,0
2902814,0
2901317,0
2903226,1
2901193,0
2902264,0
2901865,1
2901861,0
2902460,0
2903636,0
2903462,1
2903506,1
2903856,0
2903058,1
2901754,1
2901997,0
2903750,1
2901236,0
2902172,0
2902053,0
2902270,1
2901932,0
2903195,0
2901970,0
2902289,0
2902057,1
2902516,0
2903888,0
2902027,0
2902824,1
2903611,0
2902019,1
2902680,0
2903650,0
2901015,0
2902753,1
2903019,0
2902190,0
2903948,0
2902630,0
2902784,0
2901576,1
2902954,0
2902385,1
2903973,0
2902381,0
2903870,1
2901370,1
2901865,0
2903917,0
2903866,0
2903438,1
2903237,1
2903779,0
2902788,0
2902513,1
2902375,1
2901839,1
2902337,0
2901196,0
2901569,1
2903265,1
2901055,0
2903320,1
2903185,1
2901057,0
2902157,0
2903566,0
2901748,1
2901612,1
2904038,0
2903199,1
2902284,0
2902489,1
2901945,0
2902867,0
2904018,0
2903851,0
2902957,1
2903555,1
2901959,0
2903862,1
2902164,0
2903007,0
2901642,0
2902801,0
2902985,1
2902918,0
2902999,0
2903314,1
2901618,0
2901684,0
2901968,0
2903748,0
2901736,0
2902599,1
2902307,1
2902158,1
2901477,0
2901374,0
2901546,0
2902445,0
2904063,0
2902670,0
2901923,0
2901184,0
2901531,0
2902236,1
2901439,1
2902865,0
2902877,0
2902507,0
2901146,0
2902094,0
2901370,0
2902616,1
2902389,0
2902033,1
2901076,1
2903016,0
2901415,0
2902334,0
2901972,0
2903804,0
2902617,1
2903746,0
2902469,0
2902762,0
2903676,1
2903171,0
2901974,0
2902805,1
2903811,0
2903113,0
2901150,0
2901746,0
2902356,0
2902117,0
2901794,0
2904033,0
2903403,1
2903514,0
2901991,0
2903914,1
2901026,0
2903820,0
2902417,0
2903783,0
2903572,1
2902170,0
2901497,0
2902202,0
2903806,0
2901286,0
2902151,0
2902229,1
2901716,0
2903216,1
2902771,1
2901188,0
2903639,0
2903884,0
2904053,0
2903814,1
2902220,0
2901135,0
2902833,1
2904055,1
2903566,0
2903610,0
2901274,0
2902658,0
2902293,0
2902634,0
2901416,1
2901656,0
2901612,0
2902723,0
2903183,1
2901918,0
2901147,0
2901300,0
2901634,0
2901911,0
2903042,0
2903329,0
2901975,0
2901892,0
2902209,1
2901812,1
2901908,0
2903183,1
2901182,1
2902609,0
2903020,0
2901824,0
2901776,0
2903811,1
2903572,1
2903716,0
2902329,0
2902702,0
2902523,0
2903693,1
2901078,1
2902744,0
2903212,1
2902204,0
2901760,1
2901488,1
2901397,0
2903427,0
2902537,0
2902425,1
2902397,0
2902503,0
2902319,1
2902792,0
2902373,0
2902507,0
2903151,1
2902948,0
2902828,1
2904071,1
2902751,0
2902785,0
2903912,1
2902580,0
2901483,0
2901513,0
2901495,1
2901603,1
2901909,0
2903901,1
2902181,1
2903964,0
2902088,0
2902547,0
2902582,0
2903643,0
2901082,0
2901843,0
2903039,1
2901241,1
2901098,0
2901222,0
2903437,1
2901598,1
2901875,1
2902177,1
2902529,1
2901198,0
2901176,1
2903967,1
2903201,1
2903659,1
2903799,1
2901785,0
2901083,1
2903008,0
2903159,0
2903143,1
2901838,1
2902242,0
2902753,0
2903931,0
2902986,0
2901040,0
2902507,1
2901663,0
2901530,1
2901304,1
2903067,0
2903538,0
2901292,1
2902966,1
2903031,0
2903388,1
2901782,0
2901711,1
2903180,0
2902074,0
2901096,1
2903188,0
2902934,0
2902967,0
2901154,0
2901046,1
2901881,1
2901704,0
2903386,0
2901093,0
2901290,0
2903778,1
2902431,0
2902402,0
2903816,1
2902555,0
2902716,0
2903039,0
2901646,0
2902048,1
2902982,0
2901976,0
2903699,0
2902736,0
2903882,1
2903858,0
2902682,1
2903684,0
2901932,0
2901052,0
2901962,0
2901360,1
2901197,1
2901738,0
2903582,0
2901600,0
2902048,0
2903110,0
2901457,1
2902696,0
2903297,1
2903081,0
2902419,0
2901141,1
2903287,1
2902061,0
2903254,0
2902169,0
2901059,1
2901946,1
2903854,1
2903365,1
2902182,0
2902389,1
2901901,1
2902583,0
2902216,0
2903460,1
2903955,0
2902937,0
2903117,0
2903723,0
2903008,1
2904054,1
2903419,1
2902369,0
2903314,1
2903565,1
2901137,0
2902808,0
2901126,0
2902395,0
2903810,1
2903466,1
2902328,0
2903210,0
2901584,0
2901639,0
2901398,0
2902853,0
2902455,0
2901859,0
2901900,0
2902502,1
2903868,0
2903006,0
2903441,1
2903177,0
2901953,0
2903846,0
2902508,0
2903917,0
2901436,1
2903550,0
2901537,0
2901247,0
2902742,0
2902294,0
2901275,0
2901717,1
2902256,1
2903573,1
2901873,1
2903471,1
2902085,0
2903214,1
2902688,0
2902030,0
2903245,1
2903709,0
2903853,0
2902431,1
2902621,0
2903983,0
2901339,1
2902940,1
2901731,0
2901270,0
2901238,1
2901883,1
2903464,1
2902230,1
2901795,1
2903568,0
2902367,0
2901902,0
2901208,0
2902536,0
2903332,1
2902576,0
2901881,0
2903491,1
2902662,0
2902448,0
2901172,0
2901383,0
2902651,0
2904062,1
2903742,0
2903523,1
2901982,0
2903100,0
2903370,1
2904070,1
2901330,0
2903785,0
2902359,0
2903423,1
2901850,0
2902583,0
2901353,0
2901685,0
2902564,0
2902598,0
2902207,1
2903268,1
2901315,0
2902381,0
2903914,0
2903404,1
2902848,0
2901887,0
2903175,1
2901515,0
2903086,0
2902865,0
2904043,1
2903164,0
2902706,0
2903586,1
2902611,0
2903866,0
2903322,0
2902030,0
2902128,0
2903615,0
2903590,1
2902757,1
2901219,1
2902378,0
2902249,0
2903545,0
2901458,0
2901577,1
2903952,0
2904022,0
2901439,1
2901049,0
2902220,0
2903730,0
2902418,0
2901856,0
2901564,0
2903478,1
2902235,1
2903531,0
2902861,0
2902787,1
2903779,0
2902962,1
2902644,0
2903474,0
2903142,0
2902498,1
2903840,0
2901693,0
2903126,0
2902267,0
2901164,0
2902541,0
2901499,1
2902391,0
2901506,0
2901346,0
2901248,0
2902443,1
2902877,0
2902691,0
2901688,1
2903522,0
2901046,0
2903517,1
2901271,0
2901145,1
2901370,0
2902441,0
2903959,1
2901924,0
2903640,0
2903945,0
2902753,0
2902494,0
2902031,0
2902749,0
2901906,0
2902004,0
2902049,0
2901817,0
2902485,0
2902349,1
2903497,0
2902348,0
2901861,1
2903728,1
2904019,1
2901187,1
2903549,0
2901606,0
2901445,1
2902215,1
2903876,1
2903023,1
2901581,0
2901761,0
2901623,0
2902318,0
2902002,0
2902884,0
2903145,0
2901840,1
2901758,0
2902165,0
2903962,1
2902767,1
2903009,0
2903616,0
2903920,0
2904004,1
2902964,1
2901079,0
2901720,1
2901792,0
2902340,1
2901632,1
2903285,1
2903360,1
2903434,0
2902166,1
2902969,0
2901144,1
2902363,0
2902572,0
2903695,0
2903550,0
2901948,0
2902876,0
2901561,1
2902752,1
2901945,0
2903204,0
2902070,0
2902865,0
2901363,0
2902272,0
2903357,1
2903892,1
2903696,1
2901923,0
2902188,0
2902574,0
2903538,0
2902528,0
2902665,1
2903083,0
2902818,1
2904028,0
2902706,0
2901771,1
2902847,0
2903389,1
2903252,0
2902178,0
2903817,1
2901904,1
2901200,0
2903227,1
2901608,1
2903554,0
2902418,1
2901717,0
2901573,1
2901303,1
2902632,0
2902232,0
2902267,0
2903674,1
2903398,1
2902135,0
2903962,1
2901140,0
2901338,1
2901551,1
2904050,0
2902883,1
2901301,0
2902774,1
2902758,0
2903322,0
2902682,0
2901088,1
2902764,0
2903936,1
2903495,1
2902122,0
2903032,0
2901327,0
2902735,0
2903554,1
2902688,0
2902445,0
2902829,0
2902840,1
2903843,1
2903363,1
2901370,0
2903626,1
2903480,1
2901821,0
2901279,1
2903776,1
2901770,0
2904029,0
2902978,0
2901180,0
2902638,1
2901029,0
2903378,1
2903104,0
2902941,0
2902912,0
2901650,0
2903774,0
2903860,0
2903357,1
2901096,1
2902234,1
2903332,1
2903987,0
2902770,0
2902193,0
2901555,0
2901092,0
2902649,0
2902640,0
2903247,1
2901631,0
2902786,0
2902910,0
2902547,1
2903993,0
2903258,1
2902628,1
2902987,1
2903313,1
2902382,0
2903681,1
2903296,1
2901607,0
2902901,0
2903501,0
2902973,0
2901536,0
2902082,0
2901127,0
2903071,0
2903721,1
2901836,0
2903569,1
2902268,0
2903764,0
2902554,0
2903908,0
2903888,0
2903292,1
2902443,0
2901593,0
2901753,0
2903808,0
2902571,0
2901876,0
2901833,0
2902322,1
2902392,0
2903900,0
2901054,0
2903600,0
2902605,0
2904012,0
2902463,1
2902431,0
2901285,0
2901435,0
2903446,1
2903458,1
2902947,0
2903443,1
2903325,1
2903614,0
2903347,1
2902779,0
2903564,0
2901685,1
2903420,1
2901917,0
2903990,1
2901029,1
2903090,1
2901597,0
2901992,0
2902995,0
2902078,1
2903220,1
2903149,0
2903021,1
2901949,0
2902292,0
2902354,0
2903576,0
2902968,0
2903900,0
2901694,0
2901871,0
2903922,0
2902669,1
2903007,0
2901088,0
2902197,1
2903316,1
2903213,1
2902502,0
2901181,0
2902009,0
2903801,0
2902584,1
2903815,0
2902138,0
2902824,0
2902619,1
2902912,0
2901425,0
2901783,0
2903702,0
2902429,0
2902550,0
2904031,0
2903079,0
2903022,0
2902543,0
2902840,0
2902403,0
2901931,0
2901517,1
2903869,0
2903184,0
2901446,0
2903697,0
2901990,0
2903419,1
2901300,0
2903379,1
2903547,1
2903964,0
2901720,0
2901107,1
2901163,0
2901356,1
2902014,1
2902333,0
2903484,0
2902942,0
2903030,0
2903206,1
2901226,1
2903142,0
2904030,0
2902746,0
2901758,0
2903538,0
2903996,0
2901242,1
2903100,0
2902382,0
2903785,0
2901368,0
2901377,0
2903488,0
2902310,0
2902106,0
2903625,0
2903544,0
2902496,0
2902833,0
2902989,0
2903152,0
2902740,1
2903634,1
2901839,0
2901354,1
2903561,0
2903687,0
2902104,0
2901729,0
2901958,0
2901679,0
2903751,0
2903582,1
2903002,0
2901408,0
2903045,0
2902779,1
2903184,0
2901460,0
2902496,0
2903760,0
2902729,1
2902415,0
2901491,1
2903646,0
2903461,0
2903313,1
2903945,0
2903823,0
2902332,1
2901303,0
2902935,1
2902881,0
2902211,0
2903868,0
2902147,0
2901627,0
2903527,0
2902814,0
2902779,0
2902285,0
2903762,0
2903504,0
2903628,0
2903902,0
2902269,0
2903329,1
2901734,0
2903971,0
2903676,0
2901635,0
2901618,0
2902829,1
2902139,0
2902801,0
2904048,1
2901339,0
2902831,0
2902905,0
2902853,0
2903286,1
2901225,0
2901262,0
2903856,0
2903533,0
2902778,1
2902954,1
2901801,0
2902710,1
2901352,0
2901354,0
2901490,0
2901334,0
2902430,0
2901362,1
2901978,1
2903018,0
2903917,0
2902441,0
2902378,0
2902818,1
2903248,1
2903337,1
2903551,0
2903790,1
2901803,0
2902644,0
2903275,0
2904031,0
2901052,0
2901477,0
2901119,0
2903103,0
2901288,0
2901903,0
2903024,1
2903650,0
2901055,0
2903112,0
2901330,0
2901950,0
2901333,0
2903934,0
2902548,1
2903153,0
2902558,0
2902300,1
2902096,1
2902794,1
2903343,1
2901752,0
2901242,0
2903898,0
2904055,0
2903460,1
2902634,1
2903271,1
2901978,0
2901178,0
2904000,0
2903797,0
2902185,1
2902156,0
2903708,0
2901789,1
2903772,0
2901521,0
2902358,0
2903667,0
2902794,0
2902356,1
2901960,0
2901857,0
2901395,0
2901721,0
2901718,0
2903465,1
2901242,1
2901576,0
2901730,0
2901928,1
2903723,0
2902346,1
2902427,1
2903579,1
2902349,0
2903273,1
2902087,0
2902408,0
2903274,1
2902788,0
2901370,0
2902374,0
2901915,1
2901915,0
2901147,1
2902810,0
2903853,0
2902165,1
2902422,1
2903649,0
2901219,0
2901533,0
2903423,1
2903267,1
2902071,1
2901460,0
2901216,1
2903609,0
2903143,0
2903060,0
2901426,1
2902383,1
2902717,0
2903207,1
2902721,0
2903747,0
2903132,1
2903975,0
2902730,1
2902580,0
2903239,1
2902883,0
2902201,0
2901143,0
2903364,1
2901897,0
2903726,0
2903711,0
2902328,1
2903363,1
2901302,0
2903119,1
2903913,1
2903552,0
2901569,0
2901020,0
2901250,0
2902452,0
2903044,0
2902359,1
2901163,1
2901592,0
2903710,0
2901900,1
2901099,0
2903011,0
2901690,1
2901864,0
2902789,0
2901290,0
2902410,0
2901299,0
2902856,0
2902157,0
2902817,0
2901831,0
2902193,1
2902360,0
2902502,0
2901765,0
2901767,0
2903224,1
2901792,0
2903325,1
2903748,0
2901825,0
2903410,1
2902754,1
2903084,1
2903338,1
2901590,0
2903722,0
2903527,1
2903461,1
2903284,1
2902296,0
2902123,0
2903129,0
2904081,1
2902922,0
2902514,1
2903216,1
2903417,1
2902725,0
2901112,0
2901399,0
2902795,0
2902628,0
2901124,0
2901068,1
2903360,1
2903990,0
2903143,1
2901353,0
2902581,0
2902179,0
2902077,0
2903377,1
2903326,0
2901511,0
2903915,0
2903409,1
2902036,1
2902309,0
2903045,0
2902341,1
2901360,0
2902785,0
2902181,1
2903205,1
2902280,0
2902459,0
2901523,0
2901467,1
2901273,1
2902618,0
2901515,0
2901703,0
2901921,0
2902237,1
2902446,0
2902795,1
2903021,0
2903345,1
2901830,0
2902755,0
2902400,0
2903104,0
2902372,0
2903619,1
2901889,0
2903061,0
2903944,0
2903149,0
2903973,1
2903151,0
2904014,1
2901745,1
2903173,0
2903733,0
2902449,0
2902924,0
2902343,0
2903076,0
2902844,1
2902192,1
2903801,1
2901343,1
2901048,1
2902886,0
2902155,0
2902848,0
2902007,0
2901600,0
2901874,0
2901950,0
2902769,0
2903817,0
2903129,0
2903538,0
2902149,0
2902610,0
2901767,1
2903979,0
2902049,0
2902024,1
2903556,0
2901059,0
2901711,0
2901539,0
2902244,0
2903372,1
2903924,0
2902722,0
2902267,0
2902676,0
2903639,0
2902464,0
2902135,0
2903019,0
2901832,0
2902500,0
2901767,0
2901162,0
2903158,0
2901084,0
2902311,0
2901226,1
2901853,0
2901311,0
2901983,1
2902865,1
2901980,1
2901134,1
2902735,1
2901734,0
2903636,0
2902439,0
2902472,0
2901634,0
2902598,0
2901518,0
2902589,1
2902970,0
2904026,0
2903223,1
2901043,0
2902195,0
2901969,0
2902342,0
2902023,0
2901931,0
2901604,0
2902851,0
2902889,0
2903213,1
2903113,0
2903841,0
2902805,0
2903059,0
2903109,0
2901307,0
2903051,0
2903779,0
2902872,0
2902579,0
2901164,0
2901475,0
2903007,1
2903916,0
2902081,1
2903872,1
2901423,0
2901710,0
2901342,0
2902588,1
2902282,0
2902242,0
2901694,0
2903995,0
2902286,0
2903732,0
2902566,1
2903479,1
2901626,1
2901832,0
2903558,1
2902481,1
2901774,0
2903276,1
2903533,0
2902231,0
2901190,1
2903531,0
2902021,0
2903349,1
2902855,0
2903633,0
2901964,0
2902502,0
2901292,1
2903445,1
2903951,0
2903745,0
2902353,1
2901582,0
2901528,0
2901270,1
2903470,1
2903981,0
2903069,1
2901149,0
2902310,0
2902371,1
2901419,0
2901673,0
2901049,1
2903818,0
2903669,0
2902411,0
2902617,0
2903108,0
2904023,0
2903870,0
2902708,0
2903723,0
2902140,0
2901768,0
2903705,0
2902105,0
2903334,1
2903711,0
2902701,1
2902012,1
2903622,1
2902643,0
2903839,0
2901384,1
2901062,0
2901504,0
2901468,0
2902153,1
2902103,0
2901282,0
2902848,0
2904016,0
2902363,0
2903653,0
2903678,0
2901206,1
2903511,0
2902405,0
2901849,0
2902316,1
2903619,0
2902977,0
2902324,1
2903521,1
2902292,0
2903247,1
2902678,0
2903382,1
2902660,0
2902009,0
2903364,1
2901117,0
2901405,0
2902673,1
2903574,1
2901465,0
2903673,0
2901509,0
2901774,1
2902504,0
2901279,0
2903861,0
2902384,1
2901572,1
2902003,0
2903863,0
2902034,0
2903309,1
2902564,1
2902115,0
2903006,0
2903431,1
2903601,1
2903655,0
2901171,0
2903595,0
2902459,1
2901955,0
2903302,1
2903383,1
2901869,0
2902253,1
2901979,0
2902677,0
2901754,0
2903987,1
2903354,1
2903400,1
2902073,0
2903085,1
2903665,1
2903596,0
2903978,1
2903856,0
2902887,0
2904056,1
2901795,1
2903538,0
2902503,1
2902458,0
2901482,0
2903420,1
2902518,0
2901260,0
2902329,0
2902325,0
2901366,1
2902708,0
2903816,0
2903759,0
2902148,0
2901020,0
2903984,0
2902112,0
2903940,0
2903709,0
2902813,0
2901842,0
2902009,0
2901582,0
2903056,0
2904059,0
2902667,0
2903573,0
2901579,0
2901145,0
2902933,1
2903685,1
2901188,0
2901653,1
2903238,1
2901699,1
2903421,1
2901673,0
2902401,1
2904088,0
2903860,0
2903528,0
2903316,1
2901098,1
2902270,1
2901114,0
2903835,0
2902173,0
2903720,1
2902090,1
2903336,1
2901775,0
2903037,0
2902134,0
2902011,0
2901040,1
2903940,1
2901489,0
2901926,0
2901779,0
2902251,0
2901274,0
2901351,1
2901032,0
2902127,0
2901507,0
2902555,1
2901600,1
2902485,1
2902255,1
2903028,0
2903719,0
2902527,1
2903035,0
2901222,0
2903706,1
2902401,0
2902396,0
2903618,0
2902416,0
2902875,1
2901766,1
2902535,0
2902907,1
2902630,0
2903627,0
2902869,1
2903391,1
2902362,1
2901200,0
2901570,0
2903475,1
2902813,1
2901501,0
2901776,1
2902964,1
2901047,0
2903518,0
2902495,0
2901924,0
2902854,1
2902759,1
2903543,0
2902968,0
2902723,0
2902878,0
2902464,1
2901602,1
2902026,0
2902856,1
2903543,0
2903333,1
2902476,0
2903561,1
2902769,0
2904071,0
2902769,0
2902624,0
2901535,0
2902103,1
2901665,1
2901469,1
2902122,0
2902627,0
2903240,1
2904068,0
2901378,1
2903529,0
2901935,0
2901831,0
2904005,1
2901229,0
2902162,0
2901895,0
2903391,1
2901294,0
2901228,1
2903658,1
2903441,1
2901849,0
2903057,1
2904058,1
2902072,1
2903829,1
2901699,0
2902701,1
2901082,0
2901901,0
2903644,0
2902184,0
2902232,1
2901352,0
2903451,1
2902559,0
2903477,1
2903624,0
2902507,0
2903539,1
2901657,1
2903677,0
2903713,0
2903079,0
2903359,1
2903427,1
2901355,1
2902672,0
2902845,0
2901312,0
2901511,1
2903326,1
2902390,1
2903259,1
2901738,0
2903811,0
2901301,0
2902464,1
2901804,0
2903368,1
2903290,1
2902320,0
2902795,1
2901822,0
2901911,1
2902853,1
2902862,1
2902061,1
2901616,1
2902560,0
2901590,0
2902968,0
2903336,1
2903626,1
2903781,0
2903248,1
2901985,0
2901206,0
2904012,0
2903125,0
2901989,1
2903805,0
2902442,0
2903105,0
2901536,0
2902077,1
2902875,0
2902654,1
2902291,0
2903374,1
2901704,0
2903946,0
2902105,0
2904034,0
2902343,0
2903895,1
2901989,0
2903384,1
2904024,0
2903691,0
2902462,1
2902787,0
2901601,0
2901498,0
2903080,0
2904063,0
2903236,1
2903322,1
2902335,0
2902278,0
2901524,0
2903524,1
2904017,0
2903861,0
2902730,0
2901711,0
2901497,1
2903911,0
2903751,0
2902969,0
2903290,1
2901807,1
2902915,0
2904022,0
2901191,0
2903645,0
2902250,1
2903851,0
2902484,1
2902061,0
2903172,0
2902628,0
2901587,0
2903721,0
2903367,1
2901538,1
2902048,1
2902758,0
2903767,0
2904052,0
2903485,0
2903152,1
2902643,0
2901502,0
2902946,0
2903469,1
2901402,0
2902491,0
2902765,1
2901335,0
2903739,0
2903598,0
2903210,0
2901093,0
2902796,0
2903608,0
2901666,0
2903574,1
2903583,1
2902962,1
2903315,1
2902068,0
2903308,1
2902291,1
2902121,1
2901022,0
2901562,0
2903272,1
2903382,0
2903396,1
2902719,1
2904049,0
2903393,0
2902214,1
2902355,0
2901203,1
2903035,0
2901957,0
2901115,0
2902768,1
2901618,0
2903759,0
2903032,1
2902587,0
2903458,1
2901175,1
2901459,0
2901692,1
2903070,0
2901379,1
2904010,0
2903245,1
2901519,1
2903319,1
2903384,1
2901920,1
2903185,0
2902206,0
2903821,1
2902239,1
2901051,1
2901136,1
2903670,0
2902370,1
2902529,1
2901072,0
2902753,0
2902864,1
2902531,1
2903287,1
2902185,0
2902144,1
2903600,0
2901067,0
2902245,0
2901793,0
2903711,1
2902491,0
2902254,0
2902551,0
2902955,1
2902241,0
2902376,0
2902645,0
2901470,0
2902278,0
2902083,0
2902768,1
2901796,1
2901947,1
2903572,1
2903049,0
2901257,1
2903669,0
2902346,1
2902206,1
2903713,0
2903810,0
2902165,1
2902278,0
2901227,1
2901148,1
2901076,0
2901126,1
2902347,0
2901337,1
2901710,0
2903040,0
2903430,1
2901651,1
2904057,0
2903834,0
2901836,0
2902764,0
2903506,0
2901723,0
2902384,0
2901697,1
2902860,1
2903088,0
2902167,1
2901711,1
2901856,0
2902595,0
2902533,0
2903194,1
2902143,0
2904030,0
2901890,0
2903412,1
2902092,0
2902947,1
2902180,1
2903938,0
2903054,1
2901910,0
2902929,1
2901996,0
2902207,1
2903753,0
2902508,1
2902596,1
2902919,1
2901035,1
2901283,0
2902125,0
2903170,0
2902130,0
2902362,1
2903970,0
2902497,0
2902404,0
2903911,0
2901283,0
2901489,0
2901621,0
2903468,1
2901748,0
2902878,0
2902708,1
2904002,1
2902812,1
2902902,0
2903493,0
2901610,0
2902538,1
2903409,1
2902582,1
2901615,1
2901068,0
2903715,1
2901174,0
2903356,1
2901653,0
2902252,1
2901329,0
2902572,1
2902844,0
2902260,0
2902476,0
2903399,1
2902683,1
2901552,1
2903005,0
2901652,0
2902235,0
2901852,0
2903686,0
2903941,1
2901601,0
2901062,0
2901136,1
2903126,0
2902761,0
2903000,0
2901185,1
2901691,0
2903047,0
2902525,0
2902076,0
2902131,0
2903295,1
2903705,0
2902808,1
2901660,0
2901827,0
2902371,0
2901424,0
2903677,1
2902497,1
2901859,1
2902939,0
2902752,0
2902338,0
2902111,0
2903869,0
2902723,0
2901409,0
2901161,0
2903813,0
2903278,1
2902725,0
2901794,1
2901292,1
2902314,0
2902194,0
2902650,0
2901441,0
2903369,1
2903806,0
2901614,1
2902983,0
2901272,1
2903121,1
2903784,1
2902279,0
2903321,1
2904015,1
2902054,0
2901101,0
2902119,1
2902460,1
2902956,0
2901129,0
2902737,0
2903102,0
2901764,0
2902895,0
2903614,0
2903147,1
2903303,1
2903116,1
2901708,0
2903080,0
2904061,1
2901818,1
2903227,1
2903925,0
2901219,1
2901562,0
2903787,0
2902463,1
2904048,0
2901169,0
2903262,1
2903801,1
2902540,1
2903338,1
2903452,1
2902602,0
2902666,0
2903711,0
2901488,0
2902533,0
2903127,0
2903041,0
2903683,0
2901452,0
2902023,0
2902696,1
2901268,0
2901763,0
2902677,0
2902158,1
2901781,0
2901298,0
2901011,0
2903675,1
2901120,0
2904075,0
2903162,1
2902586,0
2901455,0
2901018,0
2902531,0
2903975,0
2902710,0
2903741,1
2901822,1
2903787,0
2903994,0
2903517,0
2903536,0
2902875,1
2902972,0
2901041,0
2903022,0
2902102,0
2901014,0
2901312,0
2902740,1
2902536,1
2903728,0
2901232,0
2903275,1
2901406,1
2901169,1
2901358,1
2901052,1
2903831,0
2902103,0
2901517,0
2903322,1
2902596,0
2903536,1
2901867,0
2901980,0
2901543,1
2902451,1
2901135,1
2901680,1
2901446,1
2903042,0
2903675,0
2901710,0
2903137,0
2903584,0
2903279,1
2901770,0
2903421,1
2901162,0
2901070,0
2903704,0
2901200,0
2902672,0
2903904,0
2903967,0
2903340,1
2901787,0
2903821,0
2902678,1
2901474,0
2902465,0
2901620,1
2901130,0
2904010,1
2902058,0
2902169,0
2901499,0
2903808,1
2903400,1
2903503,1
2902044,0
2902380,1
2901820,0
2901140,0
2902616,0
2903997,0
2902988,0
2901123,0
2901178,0
2902778,1
2903117,0
2901306,0
2902438,0
2903334,0
2902643,0
2903997,1
2904067,0
2903402,0
2901511,1
2903347,1
2901816,0
2903288,1
2901900,0
2903746,1
2901444,0
2901199,0
2901667,0
2901723,0
2902163,0
2901545,1
2902932,0
2903270,1
2902056,0
2903712,1
2901977,1
2901192,1
2901491,1
2903358,1
2903961,1
2901596,0
2903549,0
2901910,0
2901318,1
2902773,0
2903341,1
2901368,0
2902168,0
2902821,0
2902238,0
2902358,1
2903195,0
2903207,1
2901403,0
2902890,0
2903192,1
2904042,0
2901252,0
2902616,1
2903235,1
2903007,0
2901309,0
2903694,1
2902733,0
2903181,0
2902826,0
2901505,1
2901789,0
2903943,1
2901589,1
2902218,1
2903563,0
2901282,1
2901543,0
2901190,0
2903352,1
2903679,1
2903414,1
2901550,1
2903932,0
2903941,1
2903648,0
2904050,0
2903773,0
2901106,1
2901688,0
2901602,0
2903055,0
2903609,1
2901796,0
2901344,0
2904072,1
2902653,0
2902924,0
2902453,0
2903439,1
2903697,0
2902352,0
2903593,0
2903494,0
2902634,0
2903956,0
2901788,1
2903852,1
2902370,1
2903870,0
2903647,1
2901418,1
2901274,1
2902059,1
2901025,1
2902913,1
2901376,0
2903438,1
2902955,0
2903752,0
2901746,0
2901624,1
2901173,1
2903507,0
2902904,0
2902865,0
2904011,0
2902002,0
2901784,0
2902467,1
2901543,0
2903937,0
2902743,1
2903033,0
2902880,0
2903266,1
2903486,0
2903018,0
2901453,0
2903018,0
2902473,0
2903869,0
2902609,0
2902400,1
2902728,1
2903540,0
2901422,0
2903448,1
2901063,0
2902379,1
2903169,1
2901987,0
2903472,1
2903292,1
2903955,0
2901200,0
2901744,1
2903493,0
2902378,0
2902569,0
2902606,1
2904029,0
2903797,0
2903732,0
2903417,1
2901181,1
2902012,0
2903531,0
2903735,0
2902713,1
2902175,1
2903424,0
2902273,0
2901207,0
2902069,0
2903672,1
2901259,0
2902613,0
2902029,0
2903571,0
2901035,0
2903548,0
2903743,0
2904068,1
2902002,0
2904006,0
2901370,0
2903681,0
2902012,1
2903746,0
2902695,0
2901112,0
2902986,0
2901975,1
2902086,0
2904040,0
2902304,1
2903301,1
2903565,1
2901565,0
2902968,1
2901912,0
2901386,1
2902187,0
2903960,1
2903314,1
2903850,0
2901804,1
2903007,0
2903310,1
2902753,0
2901438,0
2903959,0
2902672,1
2902250,0
2903428,1
2903083,1
2903120,0
2901111,0
2903824,0
2904016,0
2903012,0
2904084,0
2901962,1
2902542,0
2901998,0
2904016,0
2902919,0
2904015,0
2902804,0
2903153,0
2902084,1
2903202,1
2902187,1
2903758,0
2901376,1
2903976,0
2902663,0
2901945,0
2902995,0
2903485,0
2902953,1
2901521,0
2903206,1
2903852,1
2902623,0
2901285,1
2902721,0
2901365,0
2901754,1
2902541,0
2901610,1
2901230,1
2903746,0
2903194,1
2901738,1
2903800,1
2901874,1
2902589,1
2901689,0
2901842,1
2902865,0
2901256,0
2901907,0
2903452,1
2902539,0
2902704,1
2901467,0
2901599,0
2903032,0
2901219,0
2903484,0
2903505,0
2903466,1
2903804,0
2903728,0
2901663,0
2903807,1
2902045,0
2902890,0
2902132,0
2902162,0
2903664,0
2903442,0
2902871,1
2901541,1
2901994,1
2903722,0
2901698,0
2901622,0
2903960,0
2901708,1
2902440,0
2903562,1
2903269,1
2902964,0
2903829,0
2902116,0
2902068,0
2903097,0
2902233,1
2903794,0
2903774,0
2902158,1
2902994,1
2903857,1
2901326,1
2902027,0
2901265,0
2902412,1
2901414,1
2902173,0
2901700,0
2901900,1
2902137,0
2903010,1
2901863,0
2904068,0
2903499,1
2903595,0
2901669,0
2902799,0
2903489,0
2902852,0
2902862,0
2903101,0
2902605,0
2901033,1
2902686,0
2902801,0
2901428,0
2902185,1
2901391,0
2901890,0
2901349,0
2903519,1
2901992,1
2902038,0
2903355,1
2902655,0
2903224,1
2901281,0
2903637,0
2902241,1
2902019,1
2902437,0
2901407,0
2902708,0
2902107,0
2903368,1
2903232,1
2901444,1
2901250,0
2903322,1
2901451,1
2901514,0
2904080,0
2901682,1
2902963,1
2902532,0
2903613,0
2901868,1
2902179,0
2901144,0
2903743,0
2903714,0
2901235,0
2903486,1
2901830,0
2902675,0
2903469,1
2901446,1
2902015,1
2901732,0
2902244,0
2903652,1
2902591,1
2902030,0
2903843,0
2902551,1
2902463,0
2903007,1
2903131,0
2902754,1
2901989,0
2901062,0
2901510,1
2903936,0
2901148,0
2902214,0
2901240,1
2902585,1
2903929,1
2901827,0
2901990,0
2903638,0
2904036,1
2902240,0
2903612,0
2903251,1
2901487,0
2901772,1
2903455,1
2903205,1
2901826,0
2901684,1
2903065,1
2903089,0
2903767,0
2901250,0
2902018,0
2902660,1
2902257,0
2902346,0
2901645,1
2902575,1
2903957,0
2901277,1
2903437,1
2901973,0
2903928,0
2901899,0
2903007,0
2902166,0
2903648,1
2901713,0
2902960,1
2901238,0
2901357,1
2901639,1
2903570,1
2901385,0
2903753,1
2901655,0
2904012,0
2901259,0
2903357,1
2902046,0
2902046,1
2901252,0
2904080,0
2901272,0
2902888,0
2903955,0
2904039,1
2903029,0
2901719,0
2901937,0
2903958,0
2902641,0
2903559,0
2903930,0
2901829,0
2902702,0
2901037,0
2901805,0
2901561,0
2902081,0
2902052,0
2901648,1
2901568,0
2903098,0
2903817,1
2903322,1
2901382,0
2902268,0
2903004,1
2901860,0
2903220,1
2903087,0
2901413,0
2902674,0
2903363,1
2903664,0
2901036,0
2902807,0
2901316,1
2903433,1
2901951,1
2903750,0
2902260,0
2903607,0
2903390,1
2903403,1
2901098,0
2901151,1
2901653,0
2901817,0
2902779,0
2902900,0
2901236,0
2904036,0
2902090,1
2901555,0
2903169,0
2902158,0
2901848,0
2902363,0
2903092,0
2903206,1
2902904,0
2902573,0
2902530,1
2902464,0
2901284,0
2903457,1
2901409,0
2903502,0
2904077,1
2901760,1
2903351,1
2903881,0
2902516,0
2903606,0
2901075,0
2903944,0
2903778,0
2902250,0
2901587,1
2902780,0
2902821,1
2902280,0
2901443,0
2903479,1
2904001,1
2902778,0
2903816,0
2901576,0
2904004,0
2902623,1
2903274,1
2901188,0
2901876,0
2903784,0
2902240,1
2902324,0
2901682,0
2904077,1
2902893,1
2901243,0
2901351,0
2903136,1
2903786,0
2901198,1
2903765,0
2903209,1
2902415,0
2903297,1
2901566,0
2902280,1
2901332,1
2901575,0
2901757,1
2903820,0
2902542,0
2901127,1
2904026,1
2902555,1
2902371,1
2903276,1
2901849,1
2902159,0
2903532,0
2901954,1
2901131,1
2903915,0
2902857,1
2901753,0
2902719,1
2901657,0
2902163,0
2901325,0
2904068,0
2904026,0
2903108,0
2903132,0
2901699,1
2902920,0
2903271,1
2901433,0
2902576,0
2902342,0
2903741,1
2904064,1
2902331,0
2902560,0
2903560,0
2903465,1
2903621,0
2901524,0
2902117,0
2902753,1
2901194,1
2901368,0
2902609,0
2902465,0
2903447,1
2901036,0
2901772,1
2902680,0
2901242,1
2903837,0
2903781,1
2903544,1
2904035,0
2901739,1
2903417,1
2903299,1
2901481,0
2901905,0
2901689,0
2901754,0
2902133,0
2902451,0
2903452,0
2903705,0
2903957,1
2903731,0
2903616,0
2903089,1
2901835,1
2902173,0
2903280,1
2902243,0
2902047,0
2904072,0
2902766,0
2903500,0
2903376,1
2901866,1
2903617,0
2901463,0
2902119,0
2902970,0
2901117,0
2902312,0
2902133,0
2902573,0
2902999,1
2902781,0
2901035,1
2901039,0
2901851,0
2902673,0
2902044,0
2903138,0
2903166,0
2901043,0
2901962,0
2901727,1
2903281,1
2903075,0
2903856,0
2902531,0
2901223,1
2904080,0
2902668,0
2903814,0
2903509,0
2902431,0
2902344,0
2901716,0
2902559,1
2902529,1
2901054,0
2903309,1
2903923,0
2902167,1
2901625,0
2902881,0
2903728,0
2903604,0
2901925,0
2902982,0
2901174,0
2902530,0
2902996,0
2901474,1
2901302,0
2903538,0
2902121,1
2903186,0
2904084,0
2903127,0
2903261,1
2901071,0
2901642,0
2903410,1
2903950,0
2901065,0
2903332,1
2903908,0
2901981,0
2903927,0
2904062,0
2901012,0
2902041,0
2903106,0
2903844,1
2903168,0
2902246,0
2903620,0
2903482,0
2902090,0
2903137,0
2903319,1
2901471,0
2901227,0
2902670,0
2903232,1
2902303,1
2903049,0
2902299,0
2902673,1
2901313,0
2903097,0
2902325,0
2901554,0
2903064,0
2901875,0
2902271,0
2902689,0
2902685,1
2901077,0
2903877,1
2901857,0
2903676,0
2903074,0
2901744,0
2903196,1
2902629,0
2901220,1
2901445,0
2904027,1
2903278,0
2902563,0
2903703,0
2901787,0
2901446,0
2902335,0
2901949,0
2902665,1
2903772,0
2902134,0
2903981,0
2901724,1
2902828,0
2901950,0
2901536,1
2903804,0
2901453,0
2902980,0
2903997,0
2904043,0
2901975,0
2901548,1
2902011,0
2901310,0
2903684,0
2904078,0
2903676,1
2901849,0
2901476,0
2903281,1
2901149,0
2903078,0
2902536,1
2903380,1
2903215,1
2902332,0
2901757,1
2901622,0
2903043,1
2903944,0
2902511,0
2901679,1
2903820,0
2903109,0
2901034,0
2901090,1
2903128,0
2903621,0
2902880,0
2901550,0
2902141,0
2901536,0
2903437,0
2902712,0
2902994,1
2903907,0
2901054,0
2904080,1
2901480,0
2901984,0
2901809,0
2901193,0
2901744,0
2901193,0
2901852,0
2903761,0
2903688,0
2902986,0
2902094,0
2901433,1
2902769,1
2902847,0
2903500,0
2902001,0
2903678,0
2903771,0
2902166,1
2901163,0
2901851,0
2903933,0
2901962,1
2901682,0
2903888,1
2902936,0
2901990,0
2903219,1
2901840,1
2903219,1
2901103,1
2902302,0
2903710,0
2901236,1
2902467,0
2903599,0
2902945,0
2902227,0
2903404,0
2902884,1
2902478,0
2902082,0
2902053,0
2902405,0
2903133,0
2903827,0
2901993,0
2903816,0
2901222,1
2902425,0
2901527,0
2902077,0
2902451,0
2903865,0
2901878,0
2901858,0
2902965,0
2903951,0
2902544,0
2903459,1
2902176,0
2901959,0
2903331,1
2903714,0
2903749,0
2902971,1
2902276,1
2901728,0
2901962,0
2902529,0
2903324,1
2901209,0
2903648,0
2902547,0
2902899,0
2902383,0
2903178,0
2901130,0
2901052,1
2903111,1
2902665,1
2902456,0
2901872,1
2902432,0
2901989,0
2901673,0
2902090,0
2902257,0
2903384,1
2901313,1
2902307,0
2903442,1
2902290,0
2901486,1
2903949,1
2903257,1
2901775,0
2901510,0
2901870,0
2903421,1
2901533,0
2903958,0
2902208,0
2901346,0
2901362,1
2903730,0
2901437,0
2903020,1
2903871,0
2901369,1
2902493,0
2902149,0
2902538,0
2902950,1
2902696,0
2903380,1
2901714,0
2902671,1
2902764,0
2903319,1
2902048,0
2901364,1
2902685,0
2903282,1
2902509,0
2902222,1
2901339,0
2901882,1
2904050,0
2902748,0
2901589,0
2902709,0
2902022,1
2902149,0
2903478,0
2901993,0
2903512,0
2901727,0
2902099,0
2901689,0
2901503,0
2901026,0
2902556,1
2901607,1
2903216,0
2902347,0
2901426,1
2902423,0
2903026,0
2901126,1
2902066,0
2902939,0
2902099,1
2903492,1
2902301,1
2902779,0
2901523,0
2901547,0
2903504,1
2903354,1
2903421,1
2902600,0
2903050,0
2901913,0
2901172,0
2901053,0
2903074,0
2903502,0
2902820,0
2901645,1
2901320,0
2901333,0
2901557,0
2903210,1
2902643,0
2901473,0
2901644,0
2901512,0
2902991,0
2901342,0
2903496,0
2902825,0
2902368,0
2901621,0
2902337,0
2901815,0
2903736,1
2903203,0
2901578,1
2901890,0
2903959,0
2903914,0
2901062,0
2903426,1
2903371,1
2902030,0
2901235,0
2901586,0
2901948,1
2903778,0
2902228,1
2904028,0
2903538,0
2903490,1
2903339,1
2902639,0
2901481,0
2902987,0
2901336,0
2901532,1
2902579,1
2902907,0
2901454,0
2902185,0
2901531,1
2903444,1
2901737,1
2902592,0
2901582,0
2902591,0
2903190,1
2903627,0
2901013,0
2903606,0
2903908,0
2901686,1
2903158,0
2902321,0
2902635,0
2903870,1
2903542,0
2902321,1
2902488,1
2902861,1
2903007,1
2901194,0
2901745,0
2901277,0
2902694,1
2903644,0
2903402,1
2902498,0
2903567,0
2901579,0
2902186,0
2902568,0
2903088,0
2903538,0
2903752,1
2902522,0
2902819,1
2903483,0
2901374,0
2902316,0
2903580,0
2902903,0
2901126,1
2901640,1
2902539,0
2901979,0
2901469,1
2901355,1
2901406,0
2902626,1
2903728,1
2901022,0
2903063,0
2903039,0
2904073,0
2903473,1
2902115,0
2903777,0
2903268,1
2901955,1
2902941,0
2901234,0
2904053,0
2901919,0
2903709,0
2902428,0
2903308,1
2903837,1
2902552,0
2903514,0
2902519,0
2903804,0
2903673,0
2901896,1
2901219,1
2903930,1
2901106,0
2903591,1
2903139,0
2902868,0
2901370,0
2902573,0
2901215,1
2903862,0
2901477,0
2901218,0
2903590,0
2902693,0
2901846,0
2903916,0
2903426,1
2902350,0
2901662,1
2901889,0
2903580,1
2902371,0
2902555,1
2901173,0
2901998,0
2902288,0
2902048,0
2903793,0
2901735,0
2902264,1
2901118,0
2902215,0
2903205,1
2901202,1
2902836,0
2903378,1
2902936,1
2903981,1
2901867,0
2903670,0
2903156,0
2901647,0
2901388,0
2902206,1
2901479,1
2901290,1
2903165,0
2903202,1
2901651,1
2901393,1
2901593,0
2901658,0
2903369,1
2902764,0
2901447,0
2901743,0
2902093,0
2902097,0
2903064,0
2901313,0
2904017,0
2902696,1
2902760,0
2901749,1
2901353,0
2903943,0
2903996,1
2902475,0
2901067,0
2902106,0
2901480,0
2903246,1
2902993,0
2902052,1
2903778,1
2903923,0
2901947,0
2903697,1
2902402,0
2902037,0
2901817,0
2903340,1
2902293,1
2901150,1
2902551,1
2902918,0
2901984,0
2903720,0
2902395,0
2902635,0
2902168,0
2903680,0
2902624,1
2901209,0
2901219,0
2902298,0
2903331,1
2902778,0
2903926,0
2901707,0
2904001,1
2902235,0
2902783,0
2903294,1
2902899,0
2903012,0
2902883,0
2902219,1
2903251,0
2901478,1
2901821,0
2901287,0
2901272,0
2902047,0
2901611,1
2902320,0
2902605,0
2901580,0
2903254,1
2902854,1
2903628,0
2902398,1
2903588,0
2901341,0
2901466,0
2903072,1
2901213,0
2904053,0
2901432,0
2902446,0
2902715,0
2902786,0
2902369,0
2903899,0
2902179,0
2903411,1
2901071,0
2902933,0
2903657,0
2901261,0
2903735,0
2901757,0
2901919,0
2903676,0
2903927,1
2903634,0
2903511,1
2903795,1
2903891,0
2902165,1
2903018,1
2902577,1
2903889,0
2903737,0
2901538,0
2903676,0
2902687,0
2902227,0
2901058,0
2903298,1
2901842,0
2903562,1
2902682,0
2901375,0
2903819,1
2902960,1
2902766,0
2901538,0
2902758,1
2902623,0
2903296,1
2902612,0
2903318,1
2903007,0
2903173,0
2902376,1
2903537,0
2902195,0
2903385,1
2902252,0
2901096,0
2901666,0
2903558,1
2903701,0
2903032,0
2903463,1
2903406,1
2901818,0
2901166,1
2902397,0
2901286,1
2902916,1
2903581,1
2902663,0
2903343,1
2903700,0
2901190,0
2901154,1
2901897,1
2902081,1
2902380,0
2903081,0
2901836,0
2902279,0
2902142,1
2903791,0
2904022,0
2902078,1
2901285,0
2901797,0
2901566,1
2901998,0
2901149,0
2902176,0
2902752,0
2902104,0
2903208,1
2901253,0
2903119,0
2901142,1
2902467,0
2903951,0
2902380,0
2903693,0
2901231,1
2902698,0
2902921,0
2902603,0
2901498,0
2902193,0
2901918,1
2902031,1
2901949,0
2902664,0
2904062,1
2902949,0
2901111,0
2901848,1
2903393,1
2902357,0
2903769,0
2903736,0
2902001,0
2902006,0
2903968,0
2902732,0
2901640,1
2902719,0
2901748,1
2901262,0
2903288,1
2902718,1
2902973,0
2901244,0
2902239,1
2904025,0
2901563,0
2903124,1
2903658,0
2903052,1
2901404,0
2901752,1
2903007,0
2901766,0
2902060,0
2902834,0
2902309,0
2902032,1
2901910,0
2903657,0
2903288,1
2902679,0
2901417,1
2901941,0
2901988,0
2903612,0
2902920,0
2903339,1
2902319,0
2901165,1
2902858,0
2903036,0
2901201,0
2902496,0
2903803,0
2903941,0
2902100,0
2902939,1
2901310,1
2901672,0
2901610,1
2903266,1
2901174,0
2902348,0
2901925,0
2902960,1
2902713,0
2904059,1
2902561,0
2902678,1
2901592,0
2902173,0
2903874,0
2902748,0
2901424,0
2901698,0
2902223,0
2903778,1
2903395,1
2901927,0
2902351,0
2903704,1
2902776,0
2901636,1
2902865,0
2902968,0
2902392,1
2902331,0
2903386,1
2901420,0
2903624,0
2901707,0
2902415,0
2901301,0
2901126,0
2903909,1
2902875,0
2903307,1
2903007,1
2902643,0
2902084,0
2901649,0
2903162,0
2901432,0
2902555,0
2902464,1
2901197,0
2901262,0
2901903,0
2904012,0
2902512,1
2901362,1
2902114,0
2902758,0
2901203,0
2903432,1
2901266,1
2901700,1
2903171,0
2902035,0
2901983,0
2902423,0
2901799,0
2901951,1
2902599,0
2901161,0
2903136,0
2903029,1
2901319,0
2902235,0
2901369,0
2902737,0
2902502,0
2902545,1
2902558,0
2903007,0
2902189,0
2901071,0
2901017,0
2903995,1
2902958,0
2902450,0
2901373,0
2901526,0
2901518,0
2903764,0
2902265,1
2901638,1
2903780,0
2903901,0
2901914,0
2901189,1
2902927,0
2901670,0
2901308,0
2901144,0
2901900,0
2901904,0
2903007,0
2903830,0
2904008,0
2902120,0
2903874,0
2901299,1
2901761,1
2901595,1
2903831,1
2903828,1
2901586,0
2901919,1
2901681,1
2903081,0
2903840,0
2901631,0
2902775,0
2903203,0
2901385,0
2902244,0
2901016,1
2902146,0
2902696,0
2901370,1
2901240,0
2901319,0
2902006,0
2903564,0
2901506,0
2901970,0
2901531,0
2903106,0
2903958,0
2903734,0
2902791,1
2902689,0
2901519,0
2902439,0
2901114,0
2901185,0
2901265,0
2901655,0
2901116,0
2902374,1
2901420,1
2903341,1
2901644,0
2902549,0
2901072,0
2903913,1
2903498,0
2901837,0
2904013,0
2901759,0
2901507,0
2903776,0
2902579,0
2903662,1
2903359,1
2903495,0
2901128,1
2901300,0
2902315,0
2903895,0
2901315,0
2901086,0
2902084,0
2901031,0
2903138,0
2902533,0
2902957,1
2902477,1
2901674,0
2901146,0
2901429,0
2902414,0
2901745,1
2901711,0
2903935,1
2903274,1
2903468,1
2902191,0
2901331,0
2904030,0
2902782,0
2902676,0
2901979,0
2901750,0
2902991,0
2903467,1
2903901,0
2902730,0
2903686,0
2901297,0
2903665,1
2902695,0
2901479,0
2903988,0
2901865,1
2903978,0
2903018,0
2902257,1
2901053,0
2901381,1
2903991,0
2902819,1
2902638,0
2903225,1
2902085,1
2902006,0
2901345,0
2902976,1
2904045,0
2903535,0
2901086,1
2903140,0
2903460,1
2904084,1
2902615,0
2902872,1
2902869,0
2901697,0
2901454,0
2902291,1
2901293,1
2903412,1
2903676,0
2903502,0
2901102,1
2901999,0
2901416,0
2902506,0
2903242,1
2902333,1
2903516,0
2901430,1
2901879,0
2902645,0
2902320,1
2901984,0
2902226,0
2902724,1
2902336,0
2902439,0
2902050,1
2903381,1
2901791,0
2903947,1
2902169,0
2903994,0
2902300,1
2901298,1
2901585,1
2902202,1
2902481,1
2902161,1
2903025,0
2903222,1
2902100,0
2902024,0
2902431,0
2901171,0
2902284,1
2902636,0
2903430,1
2902573,0
2902908,1
2903326,1
2903373,1
2901645,0
2904074,0
2901014,0
2901462,1
2902872,0
2902620,1
2901943,1
2901950,0
2903961,0
2903884,0
2903539,1
2902959,1
2902283,0
2903344,1
2901502,0
2902632,0
2902720,0
2901664,0
2901992,1
2901322,0
2901237,0
2902818,0
2902813,0
2902637,1
2901058,1
2901372,0
2901305,0
2903435,1
2903394,1
2901197,1
2902457,0
2903909,0
2902165,0
2901983,0
2902816,1
2901656,1
2902299,1
2903371,1
2903990,1
2902264,0
2903773,1
2902102,0
2903819,1
2903322,1
2903580,0
2903982,1
2901505,1
2903180,1
2902779,0
2901494,0
2902040,0
2901195,0
2902044,0
2901785,0
2903029,1
2901120,0
2901299,1
2903283,1
2902829,0
2903255,1
2901571,0
2903265,1
2903550,1
2901907,0
2902338,0
2903233,1
2902734,1
2901957,1
2901225,0
2901381,0
2903742,0
2903478,1
2902915,0
2903003,1
2902894,0
2903411,1
2902923,1
2902957,1
2901941,0
2902020,0
2901806,1
2901494,0
2901971,0
2902206,1
2904087,0
2903172,0
2902876,0
2901057,0
2903960,0
2903214,1
2901588,0
2902731,0
2903787,0
2903901,0
2902158,0
2903805,0
2901806,0
2903263,1
2902968,0
2901629,0
2901139,0
2903981,0
2901320,0
2902478,1
2901666,1
2903322,1
2901297,0
2902649,0
2901956,1
2901784,0
2904075,0
2903133,0
2903828,0
2903181,0
2903258,1
2902561,0
2901799,1
2901234,0
2901370,1
2902473,0
2904000,0
2903445,1
2901722,0
2902782,0
2901375,1
2902764,1
2901664,0
2902788,1
2901235,1
2903618,0
2901456,1
2902342,0
2903174,0
2903724,1
2901572,0
2901131,0
2903326,0
2902296,1
2901119,1
2902062,0
2903919,1
2902496,0
2902444,0
2901224,0
2901285,1
2902790,0
2902417,0
2902057,1
2903057,0
2903703,0
2902131,1
2901573,0
2903347,1
2901764,0
2902885,1
2901604,1
2904039,1
2902903,0
2901227,0
2901084,0
2903273,1
2902457,0
2902467,0
2901140,0
2902661,0
2903909,0
2904040,0
2903626,0
2901127,0
2903641,0
2903587,1
2901161,0
2903977,0
2903931,0
2901910,0
2903591,0
2901448,1
2902266,0
2902171,0
2901308,0
2902882,1
2901296,0
2902324,0
2901986,0
2901788,0
2903682,1
2901404,1
2902269,0
2901331,1
2904000,1
2903418,1
2903450,1
2903092,0
2902513,0
2901675,0
2901669,0
2901156,1
2903530,0
2901616,0
2901253,0
2902166,1
2902622,0
2902770,0
2902517,0
2902620,0
2902610,1
2902864,1
2901869,1
2902898,0
2902942,1
2903745,0
2901793,0
2902495,0
2902164,0
2904001,1
2902274,0
2903513,1
2903178,0
2902843,0
2903336,1
2903634,1
2902581,0
2901812,1
2904000,1
2903936,0
2902608,0
2903687,0
2904043,0
2902330,0
2903452,1
2901493,1
2901670,0
2902274,1
2901329,1
2901408,0
2901402,1
2904012,1
2903960,0
2902554,1
2904051,0
2901200,0
2903172,1
2901104,0
2901011,0
2902332,0
2901277,0
2902667,0
2901725,0
2903075,0
2901181,1
2901847,1
2901542,1
2901292,0
2902277,0
2903767,0
2903607,0
2903404,1
2902365,0
2903728,1
2903067,0
2903977,1
2903082,0
2903954,0
2903432,1
2901017,1
2902633,0
2901279,0
2902285,0
2902742,1
2901933,0
2903093,0
2903669,0
2903163,0
2902859,0
2901347,0
2903399,1
2903905,0
2902586,0
2902158,0
2904025,1
2903608,1
2903603,0
2902831,0
2902214,0
2901816,0
2901787,0
2901110,0
2902503,1
2902010,0
2901662,1
2901599,0
2903814,0
2903095,0
2903819,1
2902159,1
2903594,1
2901395,0
2902988,0
2901933,1
2902113,0
2903825,0
2901295,1
2902391,0
2904034,0
2901880,0
2901079,0
2902338,0
2904085,0
2902637,0
2902451,0
2902816,1
2902908,1
2903535,1
2902425,0
2902855,0
2902217,0
2904012,0
2903731,0
2902082,0
2903244,1
2901294,1
2902837,0
2903098,1
2902216,1
2901970,1
2903942,0
2903988,1
2902261,0
2903777,0
2903629,0
2902247,1
2902549,1
2902402,1
2902699,1
2901835,0
2901424,1
2902661,0
2901071,1
2902626,0
2903716,1
2901153,1
2903160,0
2901030,0
2901446,1
2901482,0
2904000,0
2903992,0
2901981,1
2903756,0
2902249,0
2901024,0
2902987,1
2903259,1
2902686,0
2901791,1
2902731,1
2902391,0
2902361,1
2901207,0
2903256,1
2901264,0
2901090,0
2904047,1
2901238,0
2901264,0
2901083,0
2903518,0
2903542,1
2901214,0
2902573,0
2903845,1
2902287,0
2902733,0
2903063,1
2903445,1
2901622,0
2901829,0
2903322,1
2904054,0
2903649,0
2902646,0
2901229,0
2903232,1
2902258,0
2902124,0
2901841,0
2902020,0
2901691,1
2903577,0
2902775,0
2903284,1
2903863,0
2901828,0
2903569,0
2901234,1
2901073,0
2902701,0
2903289,1
2901476,0
2903237,1
2902387,0
2903473,1
2901451,0
2903606,0
2902693,1
2901765,0
2902538,0
2903425,1
2902514,0
2903977,1
2903676,0
2901219,0
2903162,0
2903921,1
2901347,0
2902722,0
2903453,1
2903400,1
2903860,1
2901219,1
2902508,0
2902561,0
2903338,1
2903735,0
2903553,1
2901589,0
2902287,0
2902506,1
2901224,0
2903293,1
2903796,1
2901016,0
2903623,0
2901703,0
2902019,1
2903215,1
2903769,0
2903596,0
2903947,0
2902898,0
2902312,0
2902880,0
2903700,1
2903054,0
2903727,1
2903574,0
2902310,1
2901025,1
2902695,0
2901243,0
2903374,1
2902504,0
2902810,1
2902572,1
2903354,1
2903815,1
2902753,1
2903716,1
2903966,0
2901837,1
2903390,1
2902255,1
2903121,0
2903502,1
2901076,1
2902344,1
2901770,0
2902512,0
2902131,0
2903631,1
2902662,0
2903588,1
2903962,0
2904000,0
2902501,0
2903814,0
2901692,1
2902152,0
2901082,1
2903710,1
2902801,0
2904066,0
2902751,0
2902574,1
2901554,1
2903372,1
2902234,1
2903213,1
2902565,0
2903350,1
2902697,0
2902552,1
2901962,0
2902865,1
2903685,0
2901473,1
2903024,0
2902241,0
2901770,1
2903516,0
2903689,0
2904017,0
2903239,1
2903688,0
2902935,0
2901872,1
2902159,0
2901581,0
2901064,1
2902993,0
2901941,1
2901845,0
2902265,0
2903988,1
2903435,1
2902680,0
2901352,0
2901630,1
2903971,0
2902510,0
2901844,0
2903290,0
2903159,1
2901447,0
2902654,0
2901676,0
2902502,0
2903844,0
2901652,0
2903491,0
2903284,1
2901464,0
2903253,1
2903491,0
2903654,1
2901023,0
2901998,0
2903839,1
2902461,0
2903174,1
2902435,0
2901793,0
2902226,0
2903714,0
2903483,0
2902020,1
2902142,0
2901776,0
2902281,0
2903291,1
2903336,1
2902290,1
2901896,1
2903048,0
2903899,0
2902570,0
2902489,0
2901633,0
2903285,1
2902930,1
2903831,0
2901496,0
2901039,1
2901739,0
2902702,0
2903680,0
2903233,1
2901860,0
2902532,1
2902930,1
2901869,1
2903848,1
2903773,0
2901524,1
2902940,1
2901938,1
2901887,0
2901815,1
2903638,0
2903305,1
2903625,1
2902729,1
2903890,0
2901385,0
2903686,0
2901588,0
2902824,0
2903897,0
2903134,0
2904031,0
2901747,0
2902573,1
2901135,1
2901547,0
2901989,1
2902193,0
2901311,1
2903832,1
2903728,1
2903014,0
2902306,0
2902467,1
2903586,0
2901888,0
2903675,0
2903146,0
2903479,0
2903099,1
2903525,0
2902070,1
2902654,0
2902431,1
2902541,1
2903695,0
2901887,0
2901350,0
2901129,0
2903620,1
2903023,0
2902512,0
2904000,0
2901104,1
2902729,0
2903403,1
2902270,1
2902233,1
2903803,1
2902916,0
2903634,1
2904031,0
2901935,0
2903612,0
2903487,1
2902457,1
2901948,1
2902466,0
2901085,0
2901754,0
2903997,1
2903369,1
2903307,1
2901773,0
2903930,1
2901849,1
2901828,1
2903870,0
2901278,0
2901850,0
2902707,0
2902932,0
2902912,1
2902696,1
2901401,0
2901661,0
2902573,0
2903851,1
2902678,0
2901287,0
2902123,1
2903145,0
2902363,1
2902048,0
2902633,1
2901355,0
2902472,0
2901095,0
2902744,0
2901617,0
2902952,1
2901500,0
2903492,1
2903325,1
2901206,1
2901820,0
2901742,0
2902830,1
2903185,1
2901272,0
2903291,1
2901750,0
2901431,0
2903994,0
2903110,0
2903204,0
2902800,1
2903848,0
2901570,0
2902506,1
2902233,0
2901191,0
2902021,0
2902989,1
2903734,1
2903101,0
2901013,0
2903157,0
2903490,1
2903020,0
2903099,0
2901264,0
2902700,0
2902704,0
2903436,1
2902287,0
2901276,0
2903421,1
2901514,0
2901246,1
2901702,1
2901943,1
2902494,0
2902134,0
2902453,0
2903826,0
2903924,0
2903165,1
2903630,1
2903694,1
2901843,1
2903875,0
2902900,1
2902210,0
2903974,0
2901349,0
2901787,1
2904007,0
2902705,0
2903289,1
2902124,1
2903386,1
2903078,0
2902795,0
2903203,0
2902593,1
2901085,1
2901199,1
2902863,0
2902917,1
2901310,0
2902473,0
2903118,1
2902186,0
2903613,0
2901539,1
2903365,1
2901996,1
2902565,0
2901426,0
2902629,1
2903539,0
2903984,0
2902668,0
2903663,0
2902210,0
2903279,1
2902056,0
2902630,1
2902474,0
2902001,0
2903853,1
2901726,0
2903485,0
2903973,0
2902898,1
2903059,1
2904000,0
2901408,0
2903557,0
2902937,1
2902295,0
2901878,1
2903954,0
2902200,1
2901958,1
2903933,0
2901229,1
2902183,0
2901844,1
2903873,0
2903441,1
2903161,1
2903513,0
2902586,0
2902770,1
2903308,1
2902683,0
2902177,0
2903762,0
2903023,0
2902758,1
2904087,1
2901058,1
2903446,1
2903647,0
2902970,0
2901100,0
2903151,1
2902753,0
2902791,0
2903110,0
2903841,1
2902480,1
2902755,0
2903731,0
2903698,0
2902758,0
2903071,0
2904032,0
2901360,0
2902448,1
2901124,1
2903328,1
2901404,1
2901302,1
2902176,1
2902375,0
2903891,0
2903091,0
2903861,0
2903402,1
2901568,0
2902659,0
2901431,0
2903142,0
2902793,1
2903702,0
2901841,0
2902323,0
2902721,0
2902913,1
2902692,0
2902756,0
2902627,0
2901513,1
2901035,0
2903277,1
2901510,1
2901295,0
2903221,1
2903843,0
2901751,1
2902766,0
2901856,0
2903809,0
2901250,0
2903922,0
2901324,0
2903523,1
2902109,0
2902257,0
2903907,1
2902588,0
2903560,1
2901273,0
2902112,1
2902010,0
2903659,1
2901718,0
2902593,0
2901040,1
2904070,1
2903440,1
2903576,0
2901037,1
2902552,1
2903956,0
2901920,0
2902593,1
2901820,0
2902666,0
2901902,0
2901370,0
2903325,1
2903529,1
2902163,0
2902105,0
2903069,0
2903058,1
2902141,0
2902879,0
2901534,0
2903870,0
2903570,0
2902065,0
2903537,0
2903062,0
2901371,0
2903546,0
2903882,1
2903340,1
2903710,0
2901298,0
2903012,0
2901326,0
2902421,1
2903833,1
2903924,0
2901345,0
2901620,0
2903395,1
2901540,0
2901683,0
2903060,1
2901441,0
2902482,0
2901116,1
2903570,0
2904020,1
2901430,0
2903639,0
2902822,0
2901511,1
2902569,0
2901089,0
2902065,1
2901246,0
2903429,1
2901336,1
2903116,1
2901553,1
2903860,1
2903099,1
2901692,0
2901258,0
2901266,1
2901762,0
2903458,0
2901533,0
2902285,0
2903494,0
2902559,0
2901627,1
2902046,0
2901804,0
2901649,0
2903568,1
2902740,1
2903359,1
2901755,0
2903300,1
2902248,0
2901665,0
2902006,0
2903842,0
2903873,0
2902771,1
2901273,0
2903404,1
2902404,0
2902884,0
2902843,0
2901457,0
2903725,0
2901415,0
2901680,1
2903787,0
2902973,0
2901447,0
2902637,0
2901677,0
2901576,0
2902068,0
2901724,0
2902827,0
2903944,0
2901537,0
2902301,0
2901845,0
2903487,1
2901892,0
2901819,1
2903651,1
2901324,1
2901023,0
2902544,0
2904027,1
2902882,0
2901166,0
2903553,0
2901583,0
2902527,1
2903486,0
2902592,0
2902127,1
2902888,0
2902108,1
2902416,0
2902045,1
2903292,1
2903431,1
2901899,1
2901198,1
2902304,0
2902162,1
2901885,0
2902882,1
2903264,1
2903896,0
2901957,0
2904055,0
2903783,0
2902502,0
2902990,1
2903928,0
2902664,1
2902801,1
2903522,1
2903367,1
2902123,1
2903365,1
2901072,0
2903201,0
2901103,0
2903933,1
2902629,0
2903280,1
2903210,0
2902603,0
2903599,1
2901043,0
2902665,0
2903788,1
2902812,0
2903676,0
2901850,0
2901772,0
2901394,0
2903094,0
2903977,0
2903712,0
2902027,0
2903241,1
2902807,0
2901289,0
2904012,0
2901201,1
2902456,0
2902173,0
2902858,1
2901224,0
2902345,1
2901155,0
2902959,1
2903509,1
2902705,0
2902524,1
2902646,1
2902602,0
2902696,1
2902143,0
2901537,0
2902026,0
2901758,0
2903729,0
2902175,1
2901963,0
2901317,0
2902659,0
2902429,0
2902039,0
2902901,1
2902833,0
2901561,1
2903427,1
2901138,1
2901021,0
2902721,1
2901271,1
2902707,1
2903508,0
2901159,0
2901144,1
2903053,0
2903731,0
2903030,0
2904012,0
2902294,0
2901205,0
2902150,0
2903071,1
2901709,0
2901520,0
2902842,0
2901643,0
2901226,0
2902117,0
2901800,1
2901110,0
2903813,0
2901410,1
2902245,0
2901280,0
2901466,0
2901982,0
2902577,0
2902405,0
2903134,0
2903782,1
2902164,0
2903049,0
2902160,0
2903767,0
2903442,0
2903103,0
2903944,1
2903306,1
2901261,0
2903907,0
2902359,0
2903329,1
2903346,1
2902125,0
2903504,0
2901358,0
2903942,0
2903603,1
2902043,0
2901338,0
2903268,1
2901255,1
2903577,0
2901108,0
2903281,1
2901777,0
2901531,1
2901446,0
2902237,0
2903971,0
2903345,1
2902030,0
2903685,0
2901870,0
2902126,0
2902022,0
2903030,0
2901648,0
2903192,0
2902053,1
2901414,0
2902521,1
2902493,1
2904057,0
2902638,1
2903717,0
2902256,0
2901696,1
2901982,0
2903463,1
2902213,1
2902399,0
2903572,0
2902817,1
2901250,1
2901326,0
2901105,1
2901864,0
2903007,1
2903471,1
2903787,0
2901149,1
2903704,0
2901867,0
2903790,0
2902865,0
2903632,1
2903583,1
2904081,0
2903246,1
2901176,0
2901102,0
2902595,0
2903374,1
2901435,0
2902502,0
2901365,1
2903665,1
2903056,0
2901028,1
2903130,0
2903203,1
2903507,0
2902497,0
2901618,1
2903707,0
2903734,0
2903943,1
2903953,1
2902037,1
2902732,0
2902555,0
2901699,1
2901206,1
2901641,0
2901781,1
2902175,1
2902403,0
2902761,0
2901143,0
2903186,1
2903566,1
2901305,1
2902665,1
2902427,0
2903168,1
2902889,1
2902452,1
2901123,0
2902464,1
2901314,1
2902857,1
2901157,0
2903940,0
2902560,0
2902597,1
2902652,0
2903131,0
2903334,1
2903229,1
2903886,0
2901726,0
2901430,0
2902098,0
2902480,0
2901037,0
2903767,0
2901916,0
2903194,1
2903554,1
2902265,0
2902399,0
2902961,0
2903576,0
2902498,0
2902729,0
2902009,0
2903850,0
2903580,0
2903010,1
2903379,1
2903771,0
2903782,0
2902666,0
2903355,0
2901979,0
2903249,1
2901051,0
2901085,0
2904018,0
2902619,1
2901741,0
2903330,1
2902519,0
2901439,0
2902232,1
2903886,0
2902207,0
2901288,1
2903985,0
2901623,0
2902653,0
2902454,0
2902219,0
2902414,0
2902049,0
2903667,0
2903637,0
2902703,0
2901323,0
2901206,0
2901388,1
2901630,1
2902797,1
2902816,0
2902799,1
2901778,0
2903333,1
2902466,1
2901891,1
2902344,1
2901441,0
2903932,0
2903026,0
2903617,1
2901578,1
2902007,0
2901192,0
2903217,1
2903087,0
2903526,1
2901356,1
2903002,0
2903673,1
2903102,0
2901875,0
2903880,1
2903712,0
2903818,0
2902286,0
2901917,0
2902340,0
2901937,1
2901929,0
2902210,0
2903278,1
2902563,1
2902031,0
2902188,0
2902864,0
2901063,1
2903624,1
2904031,1
2902889,0
2902175,0
2903943,1
2903979,0
2903346,1
2901632,0
2902448,0
2902402,1
2902838,1
2902288,0
2901427,0
2903903,0
2902649,1
2903044,0
2903778,1
2903375,1
2903161,1
2903947,0
2902247,0
2901309,0
2901508,0
2902718,0
2901858,1
2903859,0
2901211,0
2902542,0
2901797,0
2902596,1
2901979,1
2903069,0
2901246,0
2902658,0
2902393,1
2903682,1
2902353,1
2902749,0
2901806,0
2901921,1
2902330,0
2904016,0
2901839,1
2901880,0
2902467,0
2903367,1
2902573,0
2902416,0
2901698,0
2901745,0
2903364,1
2903416,1
2903898,0
2901100,0
2903844,1
2903078,0
2903603,1
2902445,0
2902303,0
2903004,0
2903932,0
2903406,1
2902651,1
2901667,1
2903590,1
2901120,0
2901195,0
2903580,0
2901616,0
2901849,0
2901301,0
2902352,1
2902392,0
2901134,1
2901357,0
2901855,1
2901838,0
2901321,0
2901368,0
2902464,0
2901742,1
2904083,0
2902483,0
2902500,0
2903401,1
2902670,1
2901700,0
2902894,0
2902639,1
2902514,1
2903621,0
2902992,0
2903250,1
2903988,0
2902305,0
2901630,1
2903537,1
2903027,0
2902029,0
2901328,0
2901591,1
2903193,1
2903816,0
2902521,0
2901221,0
2901464,1
2901782,0
2902073,0
2901525,0
2903821,1
2902696,0
2903792,0
2901417,0
2902885,0
2902144,0
2901079,1
2901409,0
2904003,1
2902652,1
2902107,0
2901450,0
2902314,0
2901711,0
2902451,0
2903264,1
2903718,0
2903643,1
2901361,0
2902918,1
2902145,0
2903597,1
2901875,0
2902471,0
2904088,0
2903826,0
2902269,1
2902220,0
2902207,0
2902477,0
2902692,0
2902883,0
2903681,0
2902721,0
2903514,0
2903818,0
2902128,0
2903692,0
2901419,0
2903456,1
2903602,0
2902468,0
2903010,0
2902271,1
2901410,0
2903778,1
2902083,1
2903597,0
2903713,0
2901649,1
2903838,1
2903902,0
2902297,1
2904011,0
2902093,1
2903654,1
2902144,0
2901356,0
2903833,0
2901630,0
2903252,1
2902931,0
2903541,0
2903919,0
2902400,0
2903422,1
2903444,1
2902648,0
2903240,1
2902243,1
2903737,1
2902644,0
2902837,0
2902589,0
2903007,0
2903287,1
2901072,1
2901341,0
2903881,1
2903311,1
2901171,0
2902010,0
2903879,0
2903325,1
2901831,0
2902349,1
2901940,0
2902682,0
2903421,1
2902419,0
2902765,0
2902354,0
2901905,1
2902845,0
2901281,0
2903042,0
2902222,0
2903897,1
2903174,1
2902020,1
2903317,1
2903088,1
2903987,0
2902999,0
2903467,1
2902383,0
2902717,0
2903976,0
2901871,0
2903294,1
2904061,0
2902152,1
2901751,1
2903210,1
2901566,0
2901881,1
2902927,0
2902515,1
2903903,1
2902709,0
2903119,0
2902282,0
2902642,1
2903482,0
2902940,0
2903238,1
2902729,0
2901290,0
2902997,1
2902786,1
2901688,0
2901863,1
2902613,0
2902929,0
2902050,0
2901063,0
2902733,0
2901427,0
2901764,1
2902082,1
2903021,0
2903178,0
2904060,0
2903953,0
2902421,0
2903320,1
2901715,0
2903271,1
2902984,0
2902948,0
2903483,0
2901611,0
2902803,1
2903496,0
2903969,1
2902313,1
2902419,1
2902245,1
2902166,0
2902371,0
2903892,1
2903256,1
2903317,1
2901383,0
2901219,0
2902974,1
2901031,0
2901307,0
2903613,0
2902948,1
2901219,0
2903835,0
2903027,0
2903764,0
2901475,1
2902607,0
2902901,1
2902732,0
2902067,1
2902573,0
2902980,0
2904045,0
2904032,1
2901714,1
2902258,0
2902962,0
2902449,0
2901603,0
2901584,0
2901038,0
2901663,0
2901463,0
2901812,0
2904033,1
2901528,0
2903961,1
2902299,0
2902926,0
2902277,0
2903532,1
2902618,1
2903337,1
2901245,0
2903222,1
2901575,1
2901536,1
2901257,0
2901377,0
2903148,0
2903007,0
2901896,0
2901535,0
2901898,0
2901254,0
2901882,0
2901194,0
2902494,0
2901769,0
2904019,0
2901334,0
2902089,0
2903020,0
2902512,0
2902661,0
2902624,0
2902214,0
2902712,1
2903943,1
2901696,0
2901561,0
2903524,1
2901546,0
2901109,0
2902496,0
2902851,0
2903269,1
2901619,0
2904075,1
2901122,0
2901121,0
2902968,0
2901159,0
2902825,1
2903166,1
2903910,0
2903699,0
2903963,0
2902790,0
2903632,1
2902539,1
2903078,0
2903649,0
2903995,0
2903455,1
2903698,0
2902756,0
2902224,0
2903453,1
2903098,0
2902990,0
2903321,1
2902653,0
2901814,1
2901403,1
2903756,0
2901570,0
2903855,1
2901576,0
2903351,1
2902708,0
2901089,0
2903103,1
2903305,1
2901618,1
2901409,0
2902379,0
2902159,1
2903500,0
2901282,0
2902282,0
2901564,1
2902578,0
2903039,0
2902696,0
2902464,1
2901721,0
2903513,0
2902027,1
2903595,0
2902078,1
2901044,0
2904082,0
2902355,0
2901761,0
2903896,1
2902431,0
2903804,0
2902574,0
2901833,0
2903002,0
2903660,0
2902861,0
2901888,0
2902426,1
2902308,1
2901625,0
2902565,1
2902607,0
2902458,1
2902650,0
2902640,0
2901405,0
2902111,0
2901529,0
2901281,0
2902967,1
2903212,1
2901196,0
2902744,0
2903578,0
2901436,0
2903560,0
2904087,1
2902090,0
2902094,0
2903837,0
2902698,0
2903882,1
2903229,1
2901177,0
2902365,0
2902839,1
2902467,1
2903605,0
2901758,1
2902180,0
2902629,0
2903087,0
2901227,1
2902125,0
2903918,0
2901087,0
2902623,0
2901421,0
2901687,0
2902570,0
2901429,0
2901338,0
2903948,0
2901745,1
2903683,0
2902971,0
2902568,0
2903297,1
2902772,0
2903944,0
2901875,0
2901785,0
2902984,0
2903739,0
2902778,0
2903298,1
2903120,0
2901675,0
2903447,1
2901297,0
2902402,1
2902873,0
2902656,1
2903294,1
2902494,0
2902198,0
2902487,0
2902474,0
2902464,0
2903172,1
2903538,1
2903702,0
2901910,0
2901996,0
2902865,0
2903073,0
2902896,1
2903301,1
2902577,1
2901202,0
2901512,0
2903351,0
2902546,0
2902656,0
2901576,0
2901078,0
2902066,0
2902729,1
2901945,0
2901675,0
2901189,1
2901800,1
2903676,0
2903296,1
2901390,0
2903326,0
2901647,0
2903830,0
2904006,0
2901914,0
2901021,1
2902534,0
2903968,1
2903677,0
2902368,1
2903874,1
2901024,0
2902272,0
2902387,0
2902213,1
2902606,0
2904048,1
2903077,0
2901370,0
2901451,0
2903719,0
2901042,0
2902292,1
2902906,1
2903507,0
2901126,1
2901743,0
2903304,1
2902902,0
2902412,0
2903803,0
2901803,0
2902485,0
2901107,0
2901441,0
2903203,0
2902656,1
2904040,0
2901167,1
2902114,1
2902199,0
2903203,1
2902601,0
2901751,0
2903990,0
2901795,1
2904066,0
2901717,0
2903761,0
2902140,1
2903451,0
2903227,1
2901705,0
2901510,0
2903148,0
2903746,1
2901630,0
2901543,1
2902005,0
2901509,0
2904044,0
2902218,1
2901903,0
2903492,0
2901408,0
2901216,1
2902763,0
2901241,1
2902235,0
2902581,1
2901239,0
2903795,0
2903260,1
2903685,0
2901265,0
2902219,0
2901848,0
2902718,1
2901480,0
2903255,1
2902571,0
2902034,0
2903505,1
2902737,1
2902089,0
2903727,0
2903084,0
2903906,1
2904046,0
2902454,0
2903750,1
2903024,0
2901522,0
2903497,0
2901479,0
2903973,1
2903910,1
2902375,1
2902110,0
2901415,0
2902053,1
2901250,0
2903630,0
2902455,1
2903897,0
2903467,1
2903077,0
2902522,0
2902427,1
2902135,0
2903879,0
2901486,1
2901038,0
2902613,1
2904064,0
2901885,0
2903482,0
2901056,0
2901870,1
2901156,0
2903703,0
2902632,1
2902470,0
2901756,0
2902075,0
2902119,1
2902253,1
2903585,1
2903955,0
2902316,0
2902590,1
2902033,0
2901480,0
2901350,0
2902212,0
2904000,0
2901387,0
2902493,0
2903075,0
2902840,0
2903294,1
2901226,0
2902733,1
2903154,1
2902685,0
2903928,1
2901013,1
2904044,0
2901631,0
2901684,1
2903023,0
2902887,0
2902661,0
2902578,1
2902396,0
2902155,1
2902341,1
2901452,1
2901928,1
2901721,1
2902018,0
2903695,0
2901853,0
2904037,1
2902782,0
2902923,0
2901311,1
2902090,1
2903560,0
2903641,1
2902841,0
2902003,1
2901639,0
2902113,1
2903243,1
2902789,0
2901115,0
2902809,0
2902545,0
2903254,0
2904041,0
2901315,0
2902429,1
2902795,0
2903155,0
2901056,1
2901688,0
2903054,0
2902482,0
2902086,0
2902926,0
2903738,0
2903100,1
2902226,1
2903169,1
2903780,0
2902368,0
2903864,1
2901768,0
2902844,0
2903415,1
2903856,0
2901245,0
2903601,0
2902321,0
2904031,0
2902001,0
2903437,1
2902805,0
2903541,0
2901910,0
2901470,0
2901331,0
2901319,1
2902374,0
2902203,0
2901078,0
2902630,0
2901974,0
2902031,0
2901184,0
2902464,0
2902486,1
2902065,0
2901431,0
2901465,0
2902213,1
2902019,0
2903286,1
2902966,0
2902526,1
2901515,0
2902882,1
2902594,0
2901437,0
2902246,0
2903254,1
2901981,0
2902768,0
2901334,0
2903782,1
2903753,1
2901615,0
2902304,0
2902156,0
2901166,0
2904067,0
2901151,0
2901039,0
2902051,0
2902270,1
2903167,1
2902705,1
2902113,0
2902535,0
2902326,1
2902323,1
2902200,1
2903676,0
2902860,1
2903091,0
2903017,0
2903245,1
2903926,0
2903838,0
2902186,1
2901352,0
2901788,1
2903318,1
2903894,0
2903140,0
2903472,1
2903225,1
2903387,1
2903809,1
2903051,0
2902614,1
2901740,0
2903413,1
2902021,1
2902920,1
2901106,0
2903481,0
2903232,1
2902675,0
2902052,1
2901081,0
2902944,1
2902912,0
2902460,0
2902831,1
2902836,1
2903289,1
2902469,0
2902929,0
2901630,0
2903105,1
2903627,1
2903894,0
2904002,0
2901084,0
2903060,0
2901929,0
2903171,0
2901051,1
2902467,0
2901559,0
2903838,0
2901912,0
2901960,1
2903724,0
2901995,1
2903822,1
2903272,1
2901504,0
2903668,0
2903356,1
2901323,0
2903594,1
2902591,0
2902601,0
2901238,0
2902514,0
2903228,1
2902290,0
2901846,0
2901605,1
2901179,0
2903919,0
2903416,1
2901168,0
2902872,0
2903002,0
2903115,0
2903217,1
2903476,1
2903066,0
2903205,0
2902966,1
2902550,1
2901255,0
2902416,1
2903676,0
2901255,0
2903164,0
2903141,0
2902611,0
2903785,0
2901527,0
2902955,0
2903434,1
2903327,1
2903949,0
2903299,1
2901621,1
2903043,0
2902668,0
2902741,1
2902473,1
2903976,0
2903095,0
2902385,0
2903280,1
2901977,0
2903025,1
2902104,0
2902725,0
2903456,1
2903179,1
2901060,0
2903559,0
2901248,0
2903048,0
2903236,1
2902095,0
2903843,1
2901227,0
2902097,1
2903815,0
2901880,0
2901100,1
2902009,1
2902426,1
2901913,0
2901399,0
2901387,1
2902506,0
2902745,0
2901276,0
2903519,1
2903698,0
2903412,1
2902717,1
2901223,0
2901498,0
2902554,0
2903714,0
2903224,1
2902543,0
2901267,0
2904058,0
2901962,0
2901462,0
2903093,0
2901660,0
2903901,0
2901118,0
2903968,0
2903208,1
2901517,1
2902626,0
2903739,0
2902392,0
2903825,1
2901216,0
2902259,1
2902926,0
2901378,1
2903490,0
2903741,0
2902124,0
2901934,0
2902513,0
2901151,1
2902087,1
2901683,0
2901943,0
2902670,1
2901777,0
2903551,0
2901224,0
2902758,1
2902923,0
2901580,1
2903258,1
2903018,1
2901651,0
2902401,0
2902355,0
2902863,0
2901687,0
2903763,0
2902711,1
2903592,0
2903978,1
2901364,0
2901603,1
2902259,0
2901942,1
2904076,0
2902505,0
2903989,1
2903008,0
2902091,0
2901121,1
2902526,0
2901342,0
2902994,0
2903368,1
2903033,1
2902005,0
2903136,0
2903878,0
2901579,0
2901052,1
2902555,0
2903834,0
2902310,1
2902573,0
2902146,0
2903119,0
2903249,1
2901987,0
2903372,1
2903461,1
2903464,1
2903205,1
2902861,1
2903137,1
2902643,0
2903119,0
2904009,1
2901143,1
2901036,0
2902386,0
2903562,1
2903377,1
2903376,1
2903565,0
2903191,1
2902181,0
2903838,1
2903068,1
2902778,0
2903810,1
2902348,1
2903351,0
2903545,0
2901597,1
2901284,0
2903842,0
2901563,0
2901293,0
2902430,0
2901465,0
2903864,0
2903025,1
2901169,0
2902056,1
2902281,0
2901317,0
2903674,0
2903145,1
2901548,0
2901531,1
2902784,0
2903654,1
2902758,1
2902970,0
2901294,0
2902696,0
2902876,0
2903350,1
2903828,0
2901823,1
2902893,0
2902115,0
2901506,0
2902655,0
2903186,0
2902676,0
2903952,1
2902185,0
2901095,0
2903834,1
2903592,1
2902248,0
2903149,1
2902941,1
2901109,0
2901637,0
2903772,1
2902511,1
2902981,0
2903212,1
2901786,1
2901474,0
2901788,1
2902016,0
2903666,0
2903706,1
2901652,1
2902671,1
2902550,0
2903969,0
2901440,0
2901055,0
2904018,0
2902333,0
2903848,0
2903478,1
2903520,1
2902040,1
2903525,0
2902402,1
2904083,0
2903470,1
2902845,0
2901031,0
2901895,1
2901095,0
2901635,1
2903428,1
2902608,1
2902501,0
2901565,1
2903686,0
2902931,0
2901092,1
2902865,0
2903696,0
2901254,0
2902953,0
2903163,1
2902462,0
2902234,0
2903550,0
2903538,1
2902079,1
2901095,1
2901551,0
2901444,0
2903358,1
2903070,1
2902494,1
2902733,0
2901972,0
2902755,0
2903211,1
2901853,0
2903433,1
2902424,0
2902502,0
2902696,0
2903237,1
2904021,0
2902039,0
2901574,1
2902721,0
2902738,1
2902866,0
2902116,0
2901492,0
2902190,0
2902691,0
2902573,0
2902345,0
2902992,1
2903830,0
2902558,0
2902326,0
2902815,0
2903397,1
2903459,1
2902305,0
2901877,1
2902735,1
2903690,1
2902758,0
2901131,1
2903033,1
2901446,0
2902523,0
2902573,0
2903006,0
2901545,0
2901269,0
2902263,0
2901234,0
2901827,0
2902224,0
2902754,0
2901448,1
2902023,1
2902587,0
2901859,1
2901412,0
2903252,1
2901529,0
2901184,1
2903800,1
2903706,0
2901706,0
2901158,0
2902799,1
2901191,0
2901730,0
2901743,1
2903745,0
2902029,0
2901946,1
2903457,1
2901688,0
2902037,0
2902571,0
2902398,0
2901370,1
2902160,0
2903716,1
2901840,0
2902174,0
2902283,1
2901712,0
2901725,0
2901634,0
2901818,0
2902045,0
2902249,0
2903957,0
2903749,0
2904000,1
2903925,0
2903604,0
2903501,1
2901520,0
2901425,0
2901609,1
2903726,0
2902696,0
2903557,1
2903241,1
2903465,1
2901267,0
2902369,1
2902140,1
2902230,1
2901202,0
2903859,0
2902502,1
2901740,0
2901494,0
2903920,0
2901508,1
2903778,0
2902774,0
2901219,1
2903123,1
2903725,0
2904081,0
2902145,0
2902567,1
2903906,0
2902048,0
2902773,0
2903799,0
2902648,0
2901450,0
2901891,0
2901732,1
2902360,0
2901537,0
2903489,0
2901253,0
2902220,0
2901102,0
2902163,0
2901618,0
2901214,0
2902638,0
2902700,0
2902652,1
2903352,1
2903199,1
2901293,1
2901478,0
2901995,1
2901458,1
2902796,1
2901153,0
2901071,1
2903757,0
2901490,1
2902796,0
2903405,1
2903234,1
2903072,0
2903383,1
2903859,0
2902476,0
2901372,1
2901213,1
2901615,0
2903209,1
2903848,1
2902573,1
2903005,0
2902604,0
2902921,0
2902941,0
2903096,0
2903942,1
2903140,1
2901200,1
2902874,0
2903147,1
2903438,0
2903647,0
2901419,0
2903520,0
2902483,0
2902195,1
2903253,1
2902102,0
2902647,0
2902012,0
2903021,0
2903847,1
2901132,0
2904037,1
2901525,0
2902317,0
2901484,0
2903221,1
2902683,1
2902830,0
2901469,1
2901781,1
2901508,0
2902950,0
2901646,0
2904007,0
2902728,1
2901841,1
2903586,0
2903085,0
2903219,1
2902631,0
2902479,0
2902209,0
2903424,1
2901846,0
2901045,0
2901433,1
2903196,1
2902703,0
2902985,0
2903460,1
2902464,1
2903428,1
2903373,1
2903154,1
2902811,0
2904045,1
2903164,1
2902069,1
2903195,1
2901496,0
2901329,1
2901351,1
2902956,0
2902373,0
2902156,0
2901541,0
2902305,0
2901952,0
2901754,0
2901950,1
2902786,0
2902316,0
2901781,0
2903167,0
2903976,0
2903986,1
2901023,0
2901373,1
2901813,1
2901798,0
2903156,1
2901916,1
2901789,1
2902883,0
2903408,1
2901590,1
2901146,1
2903637,0
2901979,0
2901725,0
2901798,0
2902985,0
2902407,0
2902166,1
2901364,0
2902522,0
2902144,1
2902218,0
2901956,0
2902235,0
2901838,0
2903948,0
2903114,0
2902254,1
2901646,1
2901873,0
2901074,1
2903494,1
2902842,0
2902658,1
2902081,1
2903941,1
2901048,0
2901929,1
2903322,1
2903866,0
2902035,0
2901694,0
2902566,0
2903960,0
2902758,1
2903129,0
2903160,1
2901884,0
2902516,0
2901993,0
2901767,0
2902387,0
2901954,0
2903107,1
2902982,1
2903016,0
2902502,1
2902758,0
2902197,1
2902365,1
2901764,0
2901319,0
2902505,0
2902774,0
2903262,1
2902729,0
2903552,1
2902865,0
2901250,0
2902721,0
2902691,0
2901125,1
2902221,0
2903579,0
2902488,0
2903014,1
2901071,0
2903822,0
2903740,0
2903342,1
2903808,0
2901402,1
2901186,0
2902738,0
2902379,0
2903346,1
2901690,1
2902976,0
2901864,1
2902858,0
2901838,0
2903846,0
2902879,1
2903666,0
2902192,0
2903146,0
2901891,1
2901807,0
2902470,0
2903277,1
2901332,1
2901204,0
2903885,0
2903196,1
2901449,0
2902733,1
2901503,0
2903378,1
2902807,1
2902865,0
2902794,0
2903959,0
2902798,1
2901882,0
2903451,1
2902847,1
2903322,1
2901027,0
2903013,1
2903073,1
2902770,1
2901406,1
2903233,1
2901950,1
2901412,0
2901187,0
2901824,0
2901567,0
2902630,1
2903348,1
2903535,0
2902302,1
2902444,0
2904076,0
2904006,0
2902214,0
2903875,0
2903190,0
2902151,0
2903366,1
2902532,1
2901727,1
2902062,0
2901499,0
2903339,0
2903199,0
2903617,1
2903279,1
2903951,0
2901763,0
2903597,1
2904015,1
2901136,0
2902963,0
2903839,0
2903740,0
2903685,1
2901418,1
2904032,0
2901633,0
2901554,0
2903999,0
2901846,0
2901688,0
2902619,0
2901094,0
2904038,0
2902051,0
2902066,0
2901973,1
2901605,0
2903273,1
2902339,0
2901473,1
2903106,1
2902510,0
2901218,0
2903538,0
2902954,0
2901286,0
2903250,1
2903157,0
2903710,0
2901079,1
2903792,0
2903834,0
2901206,1
2901537,1
2902083,0
2902823,0
2903275,1
2903122,1
2903527,0
2903454,1
2901721,0
2903319,1
2903392,1
2903259,1
2901813,0
2903707,0
2903199,0
2901908,0
2902761,1
2902025,0
2903231,1
2904056,0
2901606,1
2902508,0
2902464,1
2903179,0
2902888,0
2901432,0
2903203,1
2903561,1
2903836,0
2901422,0
2902983,0
2903528,0
2902897,0
2901836,0
2903854,0
2903068,0
2902266,0
2903528,1
2901125,0
2903635,0
2903331,1
2901321,0
2901595,0
2902628,0
2901148,0
2903593,0
2902568,0
2901035,0
2902720,0
2903760,1
2903950,1
2901535,0
2902875,0
2902657,0
2903095,0
2901619,0
2903833,0
2902254,0
2901414,0
2902244,0
2901217,1
2902273,0
2901968,0
2901811,0
2902122,0
2903229,1
2902359,1
2903624,0
2902075,1
2901628,0
2902710,0
2903787,1
2902786,0
2901862,1
2901773,0
2902974,1
2901705,0
2902672,1
2902498,0
2902502,1
2901560,1
2901629,0
2901091,0
2903948,0
2902509,0
2903618,0
2902799,0
2901219,0
2902484,1
2902037,0
2901069,1
2902208,0
2901705,1
2902652,0
2902211,1
2903524,0
2904082,0
2903125,0
2901342,1
2902907,0
2902674,0
2902600,1
2901456,0
2903058,0
2902144,0
2903519,0
2903738,0
2901016,1
2903676,0
2901566,0
2901205,0
2901443,1
2901777,0
2901872,0
2901643,0
2902256,0
2903017,0
2903768,1
2902835,1
2902343,1
2901189,0
2903752,0
2903809,0
2901758,1
2902464,0
2901962,0
2901371,0
2902319,0
2901668,0
2902055,0
2901427,0
2901175,1
2902016,1
2903605,1
2902055,0
2903175,0
2901971,0
2901969,0
2903638,1
2901650,0
2901472,0
2901962,1
2903596,0
2902902,0
2901778,0
2903984,1
2901988,0
2903526,1
2903834,0
2903315,1
2903314,1
2903202,0
2903756,0
2902177,1
2901157,0
2903061,0
2903685,1
2901202,0
2901756,1
2902785,1
2902198,0
2903878,1
2901219,0
2901475,0
2902298,1
2901754,0
2901347,1
2901089,1
2901261,0
2901794,0
2901961,1
2901438,1
2902684,1
2902988,1
2901417,1
2903272,1
2903290,1
2902297,0
2901991,0
2902181,1
2902259,0
2902555,0
2901409,0
2903903,1
2901676,0
2901520,0
2901358,0
2904042,0
2902367,0
2901626,0
2903273,1
2903303,1
2901953,0
2901737,0
2902716,0
2901437,0
2902007,1
2903305,1
2901396,0
2901753,0
2901669,1
2903076,0
2902413,0
2903755,0
2901158,0
2901227,0
2902473,1
2902525,0
2903683,0
2903499,0
2903663,0
2902917,0
2901312,1
2903654,0
2903794,0
2904079,0
2902654,0
2903055,1
2902435,0
2903742,0
2901810,0
2902144,0
2902351,0
2903089,0
2901121,1
2904027,1
2901712,0
2901651,0
2901966,0
2901931,0
2903337,1
2903265,1
2902483,0
2903876,0
2903099,0
2901363,0
2901333,1
2901594,0
2901250,1
2902806,0
2901210,0
2903361,1
2903165,0
2904081,1
2902433,1
2903366,1
2901531,1
2901272,0
2901980,0
2903530,0
2903261,1
2902867,1
2901801,0
2903611,0
2903208,1
2902708,1
2902747,1
2903367,0
2903849,0
2901802,1
2901073,0
2901431,0
2903728,0
2903904,0
2902800,0
2901558,0
2902267,0
2901373,1
2901011,0
2901645,0
2902779,0
2902803,0
2903233,1
2902288,0
2901053,0
