"player_id","registration_date","platform_type"
2903806,2026-03-06,ios
2902645,2026-03-25,ios
2901610,2026-02-27,ios
2902098,2026-01-24,ios
2903151,2026-02-08,ios
2901887,2026-03-10,ios
2903368,2026-02-21,ios
2903810,2026-01-21,android
2903796,2026-02-07,ios
2902421,2026-01-09,ios
2902494,2026-03-29,android
2902799,2026-01-29,ios
2901130,2025-09-16,ios
2902605,2025-10-24,ios
2901351,2025-11-25,android
2903897,2025-11-11,ios
2901049,2025-10-03,android
2903737,2025-07-16,ios
2901134,2025-08-26,ios
2902316,2026-03-16,android
2903797,2025-09-21,android
2903097,2025-07-04,ios
2901933,2026-02-27,android
2903033,2026-03-01,android
2904054,2025-07-27,ios
2901624,2025-10-28,android
2903553,2026-03-05,ios
2902956,2025-09-17,ios
2902350,2026-03-22,ios
2902655,2026-03-14,android
2901651,2025-09-26,android
2901733,2026-01-09,android
2903489,2026-03-24,ios
2903226,2026-03-25,android
2902210,2026-03-23,ios
2901446,2026-01-18,android
2903195,2026-02-21,android
2902066,2026-03-08,android
2903591,2026-02-28,ios
2903117,2026-01-13,android
2902148,2026-01-02,ios
2902089,2025-12-05,ios
2901621,2026-03-11,ios
2902611,2025-10-15,ios
2901362,2026-02-20,ios
2901111,2026-03-22,ios
2901406,2025-10-20,android
2903383,2025-08-05,ios
2901648,2025-08-22,ios
2903319,2026-01-15,android
2903230,2025-08-12,ios
2902720,2026-03-03,android
2902174,2025-12-09,android
2902160,2026-03-19,android
2903826,2025-11-10,ios
2902968,2025-11-26,ios
2902563,2026-01-25,ios
2903520,2025-10-31,android
2903783,2026-03-15,ios
2901654,2026-03-04,android
2903794,2026-03-27,ios
2903267,2026-03-22,android
2902733,2025-08-04,ios
2903705,2026-02-11,android
2901319,2026-02-22,ios
2901114,2026-01-10,ios
2901311,2025-09-19,ios
2902552,2025-10-19,ios
2903624,2026-03-19,android
2903935,2025-09-11,ios
2901743,2025-12-23,android
2903798,2026-03-24,ios
2902970,2026-01-25,ios
2903441,2025-08-15,android
2902771,2026-03-15,android
2901089,2025-12-25,android
2903402,2026-02-13,android
2901929,2025-10-03,android
2903673,2026-02-25,android
2902878,2025-11-29,ios
2901500,2026-03-15,android
2904084,2026-03-22,android
2902518,2026-03-02,ios
2902168,2026-03-16,ios
2903599,2026-03-11,android
2901934,2026-03-21,ios
2902457,2025-12-21,ios
2902076,2026-03-18,android
2902711,2025-10-27,ios
2901255,2026-01-24,ios
2903771,2025-11-16,android
2903576,2025-10-31,android
2902216,2026-02-21,ios
2901302,2025-09-14,ios
2902096,2026-02-26,ios
2903253,2025-10-20,ios
2902019,2025-11-15,android
2902543,2026-02-28,ios
2903124,2025-09-02,ios
2901997,2025-09-27,android
2901614,2025-11-05,android
2903908,2026-01-24,ios
2901320,2026-01-31,ios
2903634,2025-10-25,android
2903598,2025-11-24,android
2902675,2026-02-22,ios
2903983,2026-01-22,ios
2902377,2026-01-26,android
2902107,2025-12-05,ios
2903697,2026-01-13,ios
2903113,2025-10-27,android
2901097,2026-02-26,ios
2903748,2026-01-29,android
2902857,2026-02-07,android
2903244,2026-01-11,ios
2903559,2026-02-06,ios
2902976,2026-01-02,android
2902664,2025-11-09,android
2901961,2026-02-14,android
2901537,2026-01-07,ios
2902126,2025-10-29,ios
2901657,2026-01-09,android
2903453,2026-01-18,ios
2903671,2025-11-27,ios
2901661,2026-01-13,ios
2903239,2025-10-10,ios
2903377,2025-08-27,ios
2901904,2026-03-30,ios
2901262,2025-11-12,ios
2902105,2025-10-30,ios
2901100,2026-03-12,android
2902187,2025-09-09,ios
2901920,2025-10-27,ios
2902913,2025-10-01,android
2902250,2026-02-26,ios
2903532,2026-02-22,android
2901212,2025-07-22,android
2902371,2026-02-24,android
2902694,2025-07-25,android
2903022,2025-08-12,ios
2902479,2025-11-26,android
2902141,2026-02-17,ios
2903968,2025-09-05,ios
2901836,2025-12-21,ios
2903812,2026-03-16,ios
2901802,2026-02-23,ios
2902501,2026-03-12,android
2902333,2026-01-13,ios
2901849,2026-01-13,ios
2903337,2025-12-20,android
2901285,2026-02-26,android
2904019,2025-12-10,android
2901906,2025-07-14,ios
2901076,2026-02-25,android
2902690,2025-09-04,ios
2901407,2025-10-23,android
2901983,2026-03-19,android
2901312,2026-03-20,android
2903193,2025-08-01,ios
2901674,2026-03-11,android
2903637,2025-10-13,ios
2904047,2026-01-24,android
2903156,2026-03-19,android
2902869,2026-03-16,ios
2903443,2026-03-01,android
2901059,2025-07-18,ios
2902269,2026-03-13,ios
2902224,2026-01-16,android
2903712,2025-08-20,ios
2901247,2025-11-12,ios
2902235,2025-11-14,ios
2902197,2025-12-08,android
2902254,2025-12-21,ios
2901350,2025-12-20,ios
2901858,2026-03-03,ios
2903919,2025-07-07,ios
2902134,2026-03-04,ios
2901831,2025-07-30,ios
2902779,2026-03-04,android
2902925,2025-11-29,android
2903171,2026-03-02,android
2903874,2025-07-13,android
2901125,2025-12-09,ios
2903951,2026-03-05,ios
2901293,2026-03-07,ios
2901152,2026-02-21,ios
2902228,2026-01-02,android
2902834,2026-03-20,android
2902056,2025-09-26,android
2901880,2026-02-23,ios
2901856,2026-03-15,ios
2901485,2025-11-26,ios
2903999,2025-09-05,ios
2902357,2026-03-28,android
2903056,2026-03-11,ios
2902914,2025-09-28,ios
2902122,2025-11-30,ios
2901313,2025-11-06,ios
2901882,2026-01-13,ios
2902731,2025-11-24,ios
2903987,2025-09-15,ios
2902678,2026-01-24,ios
2902920,2025-08-08,android
2902506,2026-01-04,android
2903015,2026-01-30,android
2902029,2025-12-14,ios
2904071,2025-10-28,android
2901947,2026-03-15,ios
2902743,2026-03-19,ios
2902944,2026-03-04,android
2901784,2026-03-17,android
2902292,2025-09-10,ios
2903519,2026-03-13,ios
2901938,2025-08-15,ios
2903348,2025-07-04,android
2903572,2026-03-19,ios
2903743,2025-08-16,android
2903657,2026-03-05,ios
2901871,2025-08-27,ios
2901314,2026-03-21,android
2902474,2025-07-28,android
2901153,2025-09-21,android
2901175,2026-03-16,ios
2903801,2026-03-16,ios
2901673,2026-02-06,ios
2903439,2025-11-26,ios
2901340,2025-12-15,android
2902055,2025-11-04,ios
2903481,2026-03-09,ios
2904016,2025-08-23,android
2902804,2025-08-01,ios
2903452,2026-03-13,ios
2901291,2026-02-07,android
2901308,2026-03-01,ios
2901238,2025-07-08,ios
2901877,2026-03-26,ios
2902766,2025-08-03,android
2901389,2025-07-20,ios
2902962,2026-01-10,ios
2903217,2026-02-07,ios
2902367,2026-01-11,android
2902285,2025-11-27,android
2902183,2025-09-24,android
2902344,2025-12-03,android
2901945,2026-01-26,ios
2902004,2025-12-14,android
2901129,2026-03-24,android
2903287,2025-11-03,ios
2901043,2026-02-19,ios
2901410,2025-10-19,ios
2901177,2025-07-25,android
2903041,2026-02-13,android
2901082,2026-02-20,ios
2902282,2025-10-28,ios
2903641,2025-12-29,ios
2903954,2026-03-26,ios
2902125,2025-08-30,android
2903832,2026-02-28,android
2901667,2026-02-20,android
2903555,2026-01-07,ios
2901659,2026-01-02,android
2901482,2026-03-07,android
2902001,2026-03-19,ios
2902980,2025-07-14,ios
2902223,2026-03-20,android
2901167,2025-10-26,ios
2901461,2025-09-14,ios
2903973,2025-09-22,ios
2901131,2025-11-05,ios
2901695,2025-11-21,android
2903084,2026-03-08,ios
2902084,2025-09-10,ios
2901697,2026-01-15,ios
2901477,2025-09-24,ios
2902994,2026-01-02,android
2903700,2025-11-12,android
2902178,2025-08-08,android
2903994,2026-01-27,android
2903833,2025-10-21,android
2901409,2026-01-09,android
2903501,2026-03-26,ios
2901620,2025-11-18,ios
2903564,2026-02-26,android
2901903,2025-07-24,android
2901322,2026-02-16,ios
2903265,2025-07-31,ios
2902138,2025-11-02,ios
2902100,2026-02-20,ios
2902335,2026-02-20,android
2902031,2025-09-10,android
2902317,2025-11-17,ios
2903323,2026-03-20,ios
2901942,2025-08-02,ios
2902585,2025-07-15,android
2903541,2025-11-08,ios
2901699,2025-12-17,ios
2903054,2026-03-01,ios
2903775,2025-09-24,ios
2901371,2026-02-15,ios
2902476,2025-12-16,ios
2902710,2026-02-12,android
2904012,2026-02-16,ios
2901366,2025-07-01,ios
2902473,2026-02-13,ios
2901032,2026-02-22,android
2901544,2026-02-08,ios
2902077,2026-03-17,ios
2902097,2026-01-19,android
2902119,2025-11-14,ios
2902581,2025-10-02,ios
2903850,2026-03-14,android
2903862,2025-09-21,ios
2901937,2026-03-02,android
2903293,2025-09-16,android
2903104,2026-01-09,android
2903083,2026-01-09,ios
2903709,2025-10-18,android
2901756,2025-11-20,android
2902041,2025-11-04,ios
2902207,2025-12-02,ios
2903788,2025-11-06,android
2903822,2025-11-21,ios
2902360,2025-10-24,android
2901922,2026-01-25,ios
2902024,2026-01-01,ios
2901597,2026-03-21,ios
2902143,2025-09-16,android
2901326,2025-07-27,android
2902575,2026-03-20,ios
2902696,2026-02-24,ios
2903278,2025-07-03,ios
2902291,2026-03-25,android
2903831,2026-03-24,ios
2901259,2025-12-31,ios
2901902,2025-08-23,android
2901484,2025-07-24,ios
2902090,2026-03-09,android
2901215,2025-12-18,ios
2902722,2025-10-19,ios
2903660,2026-01-09,ios
2902442,2025-07-10,android
2902463,2025-10-28,ios
2903374,2025-08-10,android
2902307,2026-02-18,ios
2901796,2025-07-09,android
2902573,2025-11-01,ios
2902208,2026-01-15,android
2902319,2026-03-09,android
2901193,2026-01-02,ios
2902465,2026-02-10,ios
2901730,2026-03-19,android
2901548,2026-03-20,android
2904064,2026-03-24,ios
2903964,2026-03-04,android
2901196,2025-09-29,ios
2901092,2025-11-13,ios
2901324,2025-12-19,ios
2902311,2025-12-03,android
2903689,2026-02-14,android
2903830,2025-10-06,android
2901200,2026-03-30,android
2903662,2026-03-22,android
2902521,2026-03-25,ios
2902151,2026-03-24,android
2902816,2026-01-30,ios
2902219,2025-09-03,ios
2901036,2025-10-16,ios
2903349,2025-07-31,ios
2903272,2025-11-21,ios
2901852,2026-03-06,android
2902975,2025-07-20,ios
2903809,2025-12-01,android
2903316,2026-03-30,android
2901258,2026-02-01,ios
2901080,2026-03-06,ios
2901962,2025-12-07,ios
2902401,2025-11-17,ios
2902464,2025-12-25,ios
2901279,2026-02-27,ios
2902926,2026-01-23,ios
2902666,2026-02-19,ios
2901085,2026-01-08,android
2901826,2025-07-30,android
2901509,2025-08-03,ios
2902450,2025-07-16,ios
2901460,2026-01-28,ios
2901219,2025-07-17,android
2902843,2025-09-07,ios
2901759,2026-03-07,android
2901960,2025-10-12,android
2903684,2025-12-31,ios
2903444,2025-10-11,ios
2903476,2025-10-28,ios
2903416,2026-02-22,android
2902644,2026-03-28,ios
2901473,2026-03-16,ios
2902265,2026-02-20,ios
2903227,2025-09-24,ios
2903886,2026-02-18,android
2904063,2025-10-16,ios
2903588,2026-03-21,ios
2901244,2026-01-15,android
2901688,2026-03-12,ios
2901693,2026-03-29,ios
2902629,2026-02-16,android
2903818,2026-03-28,ios
2903060,2025-12-07,android
2901171,2025-10-12,android
2903260,2026-01-02,ios
2902006,2026-03-01,ios
2903965,2025-07-28,android
2901399,2026-03-13,ios
2901564,2026-02-10,android
2902013,2025-08-29,android
2903276,2026-03-29,ios
2902544,2026-02-22,ios
2903114,2026-02-21,ios
2902864,2025-12-11,ios
2903707,2026-02-03,android
2902171,2026-03-05,android
2901213,2026-03-15,ios
2902688,2026-03-30,ios
2901842,2026-01-06,android
2902259,2025-10-05,android
2903650,2026-01-16,android
2901709,2025-11-07,ios
2903397,2025-12-27,android
2902365,2025-09-15,ios
2902815,2025-09-25,android
2901427,2026-02-18,ios
2903765,2025-11-10,android
2904003,2026-03-04,ios
2901754,2025-07-07,android
2903312,2025-07-08,ios
2902960,2025-10-27,ios
2901077,2026-01-03,android
2902017,2026-02-03,ios
2901392,2026-03-07,ios
2903335,2026-01-19,ios
2901656,2026-02-11,ios
2901433,2025-08-02,ios
2902721,2025-11-28,ios
2903949,2026-02-25,ios
2902318,2026-03-08,ios
2903929,2026-03-07,ios
2903950,2025-07-04,android
2903451,2026-03-28,ios
2901625,2025-09-29,ios
2901133,2025-09-07,android
2902176,2026-01-03,ios
2903993,2025-10-02,android
2903537,2025-12-14,android
2904041,2025-11-14,ios
2901919,2026-01-01,android
2903389,2026-03-14,ios
2902631,2025-12-13,android
2903449,2025-09-17,ios
2903956,2026-01-22,ios
2902621,2025-12-31,ios
2901675,2026-02-27,ios
2901101,2025-10-21,android
2903465,2025-07-12,ios
2903299,2026-02-27,ios
2901166,2025-09-06,ios
2902772,2025-11-29,ios
2902274,2026-03-16,android
2901398,2026-03-08,android
2902797,2025-08-01,android
2903734,2025-09-06,android
2901386,2026-03-07,ios
2901534,2026-02-26,android
2902602,2026-01-03,ios
2902814,2026-02-15,ios
2901275,2026-03-14,ios
2901050,2026-03-07,ios
2902289,2026-02-28,ios
2903116,2025-12-09,android
2902562,2026-01-05,android
2901891,2026-02-27,ios
2902988,2025-11-13,ios
2902996,2025-08-31,ios
2901708,2025-12-22,android
2901249,2025-07-19,android
2902979,2025-09-01,ios
2901790,2026-03-12,ios
2903795,2025-07-08,ios
2902211,2025-12-07,ios
2902241,2026-03-30,android
2902286,2026-02-28,ios
2903807,2026-01-11,ios
2903026,2025-07-04,ios
2901634,2025-09-14,ios
2902436,2025-12-22,android
2902324,2025-12-26,ios
2901721,2026-03-15,android
2901307,2025-12-21,android
2901504,2025-10-07,ios
2901702,2026-02-20,ios
2901295,2025-08-14,ios
2904076,2025-07-23,android
2902447,2025-10-25,android
2902293,2025-12-26,ios
2903663,2025-11-14,android
2903558,2026-02-26,ios
2901180,2026-01-01,ios
2901985,2025-09-20,ios
2902220,2026-01-29,android
2902418,2025-07-15,ios
2901546,2025-12-16,android
2902848,2026-02-10,android
2903595,2026-03-02,ios
2904036,2025-12-06,android
2901691,2025-08-20,android
2901361,2026-01-30,ios
2901769,2026-03-02,android
2902624,2025-09-05,ios
2902707,2026-02-10,android
2902983,2025-07-04,ios
2901738,2025-08-26,ios
2903655,2025-11-05,android
2901142,2026-02-08,ios
2903903,2026-03-25,android
2901117,2025-12-04,ios
2903197,2026-01-02,ios
2902939,2026-03-25,android
2903724,2025-09-04,ios
2903130,2026-03-25,android
2901438,2025-10-20,android
2902824,2025-12-25,android
2902909,2026-01-14,android
2903201,2026-03-10,ios
2901736,2025-12-22,ios
2904052,2026-01-10,android
2901331,2025-12-09,android
2903735,2025-12-09,android
2903343,2026-03-08,android
2902894,2025-09-01,ios
2901454,2025-11-18,ios
2902870,2026-02-22,ios
2902278,2026-03-17,ios
2903311,2025-07-05,ios
2904072,2026-02-12,ios
2902641,2026-02-04,ios
2902876,2025-09-13,android
2901253,2025-12-03,ios
2903856,2025-10-10,android
2901779,2026-01-24,ios
2903322,2025-07-31,ios
2901422,2025-12-23,ios
2901048,2026-03-09,android
2902091,2026-03-11,android
2903011,2025-10-29,ios
2901278,2025-08-04,ios
2902532,2026-01-11,ios
2901897,2025-08-15,ios
2901105,2025-10-14,ios
2903166,2026-02-21,ios
2902296,2026-01-15,ios
2902035,2026-01-08,ios
2901816,2026-03-11,android
2901031,2025-12-23,ios
2901229,2025-09-06,android
2903428,2026-02-26,ios
2902468,2025-08-27,android
2903708,2026-02-28,ios
2902072,2026-02-09,android
2902539,2025-08-25,ios
2901599,2025-10-26,ios
2903394,2026-03-07,ios
2903681,2025-07-22,android
2902440,2026-02-27,ios
2902586,2026-02-13,ios
2901909,2026-02-13,ios
2902947,2025-12-04,android
2901269,2026-02-16,android
2903858,2026-01-25,android
2902384,2025-09-07,ios
2901261,2026-01-05,ios
2903242,2025-08-30,ios
2903105,2026-01-17,android
2903710,2026-03-17,ios
2902373,2026-02-24,ios
2902642,2026-02-14,ios
2903404,2026-03-22,ios
2903456,2025-09-08,ios
2903473,2025-09-22,ios
2902603,2025-07-18,ios
2904074,2026-01-13,ios
2902032,2025-07-22,android
2902674,2026-03-13,ios
2904048,2025-08-19,ios
2901224,2026-01-30,ios
2904078,2025-07-21,android
2903338,2025-10-12,ios
2902163,2026-02-21,ios
2902810,2025-08-08,android
2902414,2025-08-28,android
2903789,2026-02-20,android
2902118,2025-12-20,ios
2903248,2025-10-18,ios
2901593,2026-02-08,android
2902395,2026-03-14,ios
2901271,2026-03-02,ios
2901540,2025-12-08,android
2903362,2026-03-24,ios
2901064,2026-03-10,ios
2901988,2026-03-18,ios
2902276,2025-08-01,ios
2903118,2026-02-10,ios
2903304,2025-11-27,ios
2903540,2026-01-07,ios
2901161,2026-01-07,android
2903027,2025-07-25,android
2901883,2025-12-26,ios
2903677,2025-09-06,android
2902164,2026-02-26,ios
2903656,2026-03-24,android
2903546,2025-12-21,android
2902679,2025-07-17,ios
2904028,2026-02-10,ios
2902381,2025-10-18,android
2904011,2026-03-01,android
2902302,2026-03-10,ios
2901862,2026-02-27,android
2903785,2025-10-21,android
2903562,2025-08-23,android
2902227,2026-02-12,android
2901155,2026-03-24,ios
2902965,2025-07-09,android
2903321,2026-02-18,android
2901619,2026-03-10,ios
2901896,2025-09-21,android
2902040,2026-03-04,ios
2902121,2026-03-04,ios
2901640,2026-01-17,ios
2901127,2025-07-29,ios
2902167,2025-09-18,ios
2902353,2026-03-03,ios
2901250,2026-02-05,android
2904010,2026-03-06,ios
2902647,2025-12-10,ios
2901999,2025-08-20,android
2901208,2026-01-23,ios
2903502,2025-08-22,android
2901809,2025-10-10,ios
2902918,2025-09-19,android
2902109,2026-03-22,android
2902067,2026-02-14,ios
2902820,2026-03-21,ios
2903430,2025-09-05,android
2902999,2025-08-16,ios
2903296,2026-01-19,android
2903371,2026-01-31,android
2901405,2026-03-08,android
2902069,2026-03-14,android
2902445,2025-08-13,android
2901955,2025-10-20,android
2902739,2025-10-05,ios
2903043,2026-03-14,ios
2903094,2025-11-08,ios
2901185,2026-01-21,ios
2902560,2026-01-09,ios
2901014,2026-03-11,ios
2903398,2025-10-01,android
2903325,2026-03-23,android
2902080,2025-10-01,ios
2903231,2026-03-14,android
2902332,2025-12-26,ios
2903283,2026-03-10,ios
2903902,2025-09-01,ios
2901132,2026-03-08,android
2902036,2025-09-07,android
2903865,2026-03-29,ios
2901374,2026-02-11,android
2902046,2026-01-04,ios
2903483,2025-08-07,android
2902103,2025-12-12,ios
2902698,2025-12-07,ios
2902449,2025-11-08,ios
2901687,2026-01-11,ios
2901107,2025-08-02,ios
2903029,2025-10-18,android
2903320,2025-08-05,android
2901888,2026-03-02,ios
2901579,2025-11-22,ios
2901072,2026-01-09,android
2904004,2025-10-25,ios
2901511,2025-09-11,android
2901913,2025-10-08,ios
2902795,2026-03-12,ios
2901203,2026-01-03,ios
2904005,2026-03-21,ios
2901159,2026-02-24,ios
2901233,2025-11-30,ios
2901216,2025-08-01,android
2903875,2026-02-28,android
2901729,2025-07-10,ios
2901918,2026-03-18,android
2902728,2026-01-20,ios
2903887,2025-09-04,ios
2901251,2026-02-26,ios
2902836,2026-03-29,android
2903388,2026-01-12,ios
2902410,2026-03-05,android
2902204,2025-10-06,ios
2901113,2026-02-01,android
2901995,2026-02-01,ios
2902505,2025-10-20,android
2902327,2026-03-27,ios
2903059,2026-01-12,android
2902927,2025-07-02,ios
2902433,2025-09-29,android
2903524,2026-03-27,ios
2901385,2025-12-23,ios
2902546,2026-03-29,ios
2901976,2026-03-16,android
2903665,2025-09-14,android
2903447,2025-07-24,ios
2902966,2025-10-31,ios
2902846,2025-07-25,ios
2903985,2026-03-07,ios
2903646,2026-02-28,android
2902993,2025-11-03,ios
2903952,2026-01-27,android
2903024,2026-03-26,android
2903048,2026-03-01,ios
2903144,2026-03-20,android
2903892,2026-03-10,ios
2902937,2026-03-27,android
2903122,2026-01-26,ios
2902392,2025-09-20,android
2901846,2026-01-20,ios
2902237,2025-07-05,ios
2902945,2025-12-14,android
2903211,2026-03-17,ios
2902724,2026-03-11,android
2901494,2026-02-02,ios
2901241,2026-01-09,android
2902000,2026-03-01,android
2902847,2026-03-06,ios
2901958,2025-09-26,ios
2901822,2026-01-01,ios
2901726,2025-07-26,ios
2904085,2026-03-14,ios
2901813,2026-03-11,android
2903823,2026-03-25,ios
2902663,2025-11-12,android
2902536,2026-02-15,ios
2901601,2026-03-14,ios
2901020,2025-12-28,android
2901694,2025-07-13,ios
2904049,2025-10-08,ios
2902329,2026-01-12,ios
2902242,2025-11-22,android
2901971,2025-09-01,android
2903181,2026-03-09,ios
2901144,2025-07-17,ios
2901471,2025-09-12,ios
2901263,2026-01-27,android
2903313,2026-03-23,ios
2902971,2025-10-07,ios
2903331,2025-08-07,android
2902101,2025-10-02,ios
2901235,2025-10-07,ios
2903932,2026-02-20,android
2902424,2025-10-08,ios
2901140,2025-10-25,ios
2903933,2026-03-14,ios
2902123,2025-07-21,ios
2902705,2026-03-07,ios
2903431,2025-09-23,ios
2903513,2026-02-18,android
2901220,2026-02-04,ios
2903574,2026-01-12,ios
2901234,2025-07-18,ios
2904053,2025-10-02,android
2902972,2026-03-12,ios
2902657,2026-03-01,android
2902778,2026-03-04,ios
2903725,2026-03-13,ios
2903720,2026-02-21,android
2901149,2026-01-18,ios
2903045,2025-10-16,ios
2902340,2026-03-04,ios
2903749,2025-08-11,ios
2903841,2025-08-16,ios
2901426,2026-03-22,ios
2901179,2026-03-02,ios
2903284,2025-07-10,android
2901972,2025-07-06,ios
2902762,2026-02-20,android
2902361,2026-03-06,ios
2903415,2026-01-15,android
2903006,2025-10-03,android
2903814,2025-07-27,ios
2904025,2026-01-06,ios
2902714,2025-10-16,android
2902352,2025-12-28,android
2901941,2025-12-18,android
2901325,2025-12-31,ios
2903915,2026-02-20,ios
2901469,2025-07-10,android
2903328,2026-01-06,ios
2902928,2026-01-14,android
2901527,2026-02-17,android
2902964,2026-03-19,android
2903426,2026-02-14,android
2902359,2025-10-01,ios
2901463,2026-03-06,ios
2902594,2025-12-07,ios
2903454,2026-02-25,ios
2903044,2025-08-12,ios
2903289,2025-12-08,ios
2902425,2026-01-24,ios
2903163,2026-03-14,android
2901814,2026-03-18,ios
2902193,2025-07-31,ios
2902737,2025-07-31,ios
2902653,2025-12-01,android
2902173,2025-11-25,android
2902919,2026-03-22,ios
2901231,2025-09-15,ios
2903747,2026-01-20,android
2902283,2025-12-28,ios
2903103,2026-01-16,ios
2902231,2026-01-03,ios
2902492,2025-12-02,ios
2902300,2026-03-21,ios
2903820,2026-03-22,ios
2901571,2026-03-12,ios
2901400,2025-09-12,android
2903247,2026-03-11,ios
2901943,2025-09-19,ios
2903758,2026-02-28,ios
2902802,2025-11-18,ios
2903571,2025-10-20,ios
2901894,2026-03-28,ios
2902113,2025-07-20,android
2902865,2025-12-25,ios
2903678,2025-08-21,android
2902608,2026-03-01,android
2902588,2026-02-07,ios
2903845,2026-02-24,ios
2904038,2026-03-11,android
2901430,2025-10-13,ios
2903474,2025-07-02,android
2902484,2025-09-14,android
2903384,2026-02-24,ios
2903763,2026-03-12,android
2902290,2025-08-16,ios
2901188,2025-07-25,ios
2903565,2026-01-12,ios
2901099,2025-09-05,ios
2901617,2025-08-12,ios
2902201,2026-03-19,android
2901493,2026-02-28,android
2904058,2026-02-09,ios
2901056,2025-12-27,android
2901930,2025-11-23,android
2904060,2026-03-03,ios
2904022,2025-07-06,ios
2903692,2026-03-14,android
2903851,2025-10-01,ios
2902461,2025-08-13,ios
2902243,2026-03-12,ios
2901173,2025-12-07,ios
2903888,2026-02-27,ios
2902402,2025-12-09,android
2902764,2025-09-12,ios
2901681,2026-03-26,ios
2902226,2026-02-08,ios
2903051,2025-12-26,android
2902124,2025-09-02,ios
2901927,2026-02-19,android
2901087,2025-11-07,ios
2902009,2025-11-12,ios
2902142,2025-10-07,ios
2903918,2026-03-02,ios
2902186,2026-03-28,android
2901543,2025-11-25,ios
2901575,2025-09-15,android
2903617,2025-07-02,android
2901647,2026-01-16,ios
2902895,2025-08-26,ios
2902854,2025-08-16,android
2901126,2026-03-07,android
2903619,2025-09-29,ios
2902275,2025-11-20,ios
2903140,2025-12-31,ios
2901522,2025-09-27,ios
2903294,2026-03-09,android
2901865,2025-12-15,ios
2901245,2026-01-10,ios
2902708,2026-03-10,ios
2903751,2026-01-07,android
2904000,2025-07-17,android
2901556,2026-02-24,android
2903728,2026-03-27,ios
2903189,2025-12-08,ios
2902247,2025-09-04,ios
2901705,2025-11-13,ios
2901952,2026-02-03,ios
2901380,2026-02-18,ios
2903413,2026-01-10,android
2901301,2026-02-12,ios
2904083,2026-03-17,ios
2902858,2025-10-29,ios
2901239,2026-03-27,ios
2902777,2026-01-09,android
2903219,2026-01-18,ios
2902619,2025-11-26,ios
2902348,2026-03-01,ios
2903647,2026-01-24,ios
2901243,2026-01-07,android
2901596,2026-01-01,ios
2902120,2025-08-02,android
2902478,2025-09-22,android
2901791,2026-02-06,ios
2903303,2025-07-24,ios
2901415,2025-08-08,android
2903675,2026-01-10,android
2901547,2026-03-28,android
2902577,2026-03-22,android
2903167,2026-02-14,ios
2903863,2025-12-11,ios
2901187,2025-11-25,ios
2901070,2026-01-26,ios
2902488,2026-02-27,ios
2901183,2025-11-25,ios
2903563,2026-02-06,ios
2903927,2026-01-13,android
2902557,2026-03-04,android
2901181,2026-01-11,ios
2902750,2025-07-29,ios
2902561,2026-03-30,ios
2902597,2026-02-02,ios
2901893,2025-09-17,android
2901766,2026-03-25,ios
2901646,2025-07-18,android
2903020,2025-10-28,ios
2901062,2026-01-03,android
2901638,2025-11-15,android
2904015,2025-08-17,ios
2903450,2025-10-14,android
2901128,2026-01-29,ios
2904081,2025-10-28,android
2901875,2025-11-25,ios
2903752,2025-10-12,android
2902812,2026-03-07,android
2903002,2025-07-24,ios
2902136,2025-08-06,ios
2902875,2026-03-04,android
2903071,2025-10-01,ios
2902879,2025-10-31,ios
2902612,2026-03-17,android
2903472,2026-01-24,ios
2903317,2025-12-25,android
2902272,2026-02-22,ios
2904080,2026-01-19,android
2901355,2025-09-05,ios
2903102,2025-10-12,ios
2901052,2025-10-28,ios
2902192,2026-03-03,ios
2902636,2025-08-09,ios
2902765,2026-02-16,android
2903714,2026-03-27,ios
2902411,2026-03-09,android
2901728,2026-03-05,android
2902150,2026-02-20,ios
2902491,2026-01-05,android
2903246,2026-02-24,ios
2902527,2025-11-09,ios
2903538,2026-02-03,ios
2903539,2026-03-27,ios
2903128,2025-09-14,android
2902627,2025-09-02,ios
2901607,2025-11-28,ios
2903648,2026-03-24,android
2902054,2025-12-24,ios
2902571,2026-03-30,ios
2901038,2025-09-05,android
2902509,2026-03-28,ios
2902893,2026-03-19,ios
2903970,2025-09-18,ios
2902022,2026-02-26,ios
2902152,2025-07-31,ios
2902528,2026-02-20,ios
2903764,2026-03-23,ios
2903095,2025-10-27,ios
2903594,2026-03-12,ios
2902404,2026-02-15,ios
2902998,2025-08-23,ios
2902832,2025-08-25,ios
2901924,2026-03-08,ios
2901957,2025-07-27,android
2902073,2026-03-25,android
2903986,2025-08-09,android
2902388,2025-09-19,android
2902074,2026-02-21,android
2903032,2025-12-04,android
2903699,2025-08-22,ios
2903327,2025-12-17,ios
2903145,2026-01-02,ios
2903821,2025-12-16,android
2902830,2025-11-07,android
2903186,2025-08-31,ios
2902273,2026-03-19,android
2903899,2026-01-12,ios
2903112,2025-07-06,ios
2903053,2025-12-29,android
2901276,2026-02-22,android
2902003,2025-07-23,ios
2902989,2026-03-17,ios
2901712,2025-08-29,android
2903344,2026-03-15,android
2903777,2026-02-21,ios
2902709,2025-08-30,ios
2902301,2026-02-27,ios
2902833,2026-01-23,ios
2902826,2025-09-29,ios
2901562,2026-02-09,android
2903800,2026-03-27,ios
2901456,2025-11-09,ios
2901812,2026-01-09,ios
2903091,2025-10-01,ios
2901086,2025-08-23,android
2903420,2026-01-26,android
2901515,2026-01-12,ios
2901692,2026-02-25,ios
2901403,2025-11-19,android
2902574,2025-08-31,ios
2903221,2026-02-23,android
2903523,2025-10-15,android
2902400,2026-03-18,android
2903173,2026-01-28,android
2904021,2026-03-14,ios
2903941,2026-03-29,android
2901935,2025-10-20,ios
2901338,2026-03-27,android
2903010,2025-11-30,ios
2901475,2025-07-20,ios
2901553,2026-02-08,ios
2901195,2026-03-08,android
2903119,2025-07-03,ios
2902039,2025-12-19,ios
2903611,2025-11-12,ios
2902218,2026-02-21,android
2902969,2026-03-11,ios
2901615,2025-12-05,android
2903458,2025-10-22,ios
2901915,2026-03-11,android
2901488,2026-03-20,ios
2902773,2026-02-23,android
2901300,2025-09-24,ios
2902637,2026-01-05,ios
2903155,2025-07-06,ios
2901329,2026-01-26,android
2903930,2025-10-18,android
2903580,2025-08-26,ios
2903628,2025-09-16,android
2902368,2026-03-21,ios
2901817,2026-03-02,android
2901760,2026-02-15,ios
2902398,2025-12-25,ios
2903642,2025-08-05,android
2901713,2026-03-30,android
2901025,2025-12-22,ios
2903204,2026-02-20,ios
2903507,2026-03-02,android
2902050,2026-03-06,ios
2903567,2025-11-22,android
2903767,2026-01-23,ios
2901376,2025-10-14,ios
2903792,2026-03-11,ios
2901886,2026-02-24,android
2902295,2026-02-02,ios
2902083,2026-02-05,android
2901418,2025-09-19,ios
2901832,2025-12-29,android
2903905,2025-10-27,android
2901786,2026-03-19,ios
2901277,2026-01-06,android
2903318,2025-12-10,ios
2902952,2026-01-11,ios
2903200,2025-12-01,ios
2901342,2026-03-10,android
2903150,2025-09-23,ios
2903549,2025-07-22,ios
2903018,2025-11-17,android
2901098,2026-03-18,android
2903218,2025-10-27,android
2902791,2025-09-16,ios
2903958,2025-12-13,android
2903780,2025-09-16,android
2901163,2025-08-14,android
2903998,2026-03-21,ios
2902990,2026-01-13,android
2902842,2025-09-23,ios
2903945,2026-02-05,ios
2901944,2025-10-03,ios
2903282,2025-12-15,android
2903208,2026-01-11,ios
2903432,2025-11-22,ios
2901256,2026-03-23,ios
2902034,2025-07-12,ios
2902175,2025-10-21,ios
2903162,2026-03-10,ios
2901169,2026-03-14,ios
2902747,2025-07-30,ios
2901592,2026-02-22,ios
2902613,2026-03-09,android
2901963,2025-08-19,android
2903464,2025-11-29,ios
2902662,2025-11-15,ios
2903357,2025-07-28,ios
2903544,2025-11-04,ios
2902835,2025-10-21,android
2903768,2025-11-07,ios
2903393,2026-02-21,android
2903706,2025-07-08,android
2901981,2026-03-22,android
2901518,2025-10-14,android
2902900,2026-01-03,android
2902356,2025-07-27,android
2901768,2025-09-25,ios
2901327,2025-08-31,android
2903290,2025-12-19,android
2903514,2026-01-31,android
2902950,2026-01-23,android
2904037,2025-09-13,ios
2903715,2026-03-05,ios
2902325,2025-12-24,ios
2903463,2025-07-27,ios
2903077,2026-02-19,android
2901030,2025-07-22,android
2902470,2026-03-15,android
2903742,2026-02-07,ios
2903527,2025-08-20,android
2901476,2026-01-31,ios
2903938,2026-03-29,ios
2902315,2026-01-24,ios
2901706,2026-03-12,android
2902599,2025-10-12,android
2902244,2025-09-02,android
2901671,2025-09-07,android
2902007,2025-11-18,android
2901750,2025-10-25,ios
2901724,2025-10-15,android
2901021,2026-02-22,android
2903828,2025-08-03,ios
2901317,2026-01-07,android
2902312,2026-01-10,android
2903711,2025-11-03,ios
2901065,2025-07-01,android
2903688,2026-02-17,ios
2903842,2026-03-29,android
2901267,2026-03-03,ios
2901775,2025-12-17,android
2902568,2025-07-30,ios
2902245,2025-12-20,android
2902768,2026-03-27,ios
2903367,2025-11-15,ios
2902686,2025-09-15,ios
2901969,2026-03-12,ios
2901908,2026-01-30,android
2903232,2025-10-13,ios
2903849,2025-10-14,android
2902347,2025-09-12,ios
2901723,2025-07-22,ios
2903210,2026-01-11,android
2901352,2026-02-03,ios
2903300,2025-12-31,ios
2903034,2025-09-09,ios
2901801,2025-08-21,android
2902117,2025-09-27,ios
2901889,2026-01-26,android
2903075,2026-02-18,ios
2903123,2026-02-02,android
2901818,2026-01-23,android
2903234,2025-09-12,android
2902827,2025-09-22,ios
2901655,2025-10-24,ios
2903391,2026-03-19,android
2901680,2025-12-08,ios
2902131,2026-01-09,ios
2901288,2025-09-29,android
2902839,2026-03-06,ios
2901676,2025-11-14,ios
2902179,2026-03-17,android
2901478,2026-03-24,android
2901550,2025-10-13,android
2903621,2026-02-22,ios
2901265,2026-03-11,ios
2904007,2026-03-12,android
2902866,2025-07-04,android
2903225,2025-08-08,ios
2902047,2025-10-24,ios
2903229,2026-03-15,ios
2902717,2026-01-18,android
2901701,2026-03-14,android
2903500,2025-11-01,ios
2902196,2026-03-11,android
2903575,2026-03-18,ios
2902706,2025-11-16,android
2901639,2026-03-18,ios
2902538,2025-10-06,android
2903209,2026-03-21,ios
2903003,2025-12-20,ios
2901375,2026-03-10,android
2901335,2026-03-20,android
2903635,2026-03-27,android
2902375,2026-01-15,ios
2903158,2026-03-15,ios
2901150,2026-03-11,android
2901806,2025-12-10,ios
2902548,2026-03-15,ios
2903477,2025-08-19,ios
2902982,2026-02-04,ios
2902915,2025-07-04,android
2902397,2026-02-01,ios
2902896,2026-03-12,android
2902062,2026-03-08,ios
2904077,2025-09-20,android
2901309,2025-12-19,android
2903854,2026-01-30,ios
2901577,2026-03-08,ios
2903508,2025-07-23,android
2901182,2025-08-08,android
2901668,2026-02-25,android
2903399,2025-08-17,ios
2901618,2026-01-31,ios
2901951,2026-02-22,ios
2902748,2026-03-21,ios
2902025,2025-08-20,android
2903645,2026-03-23,android
2901108,2026-01-05,android
2902060,2026-03-10,ios
2902840,2026-02-09,ios
2903871,2026-03-29,ios
2904086,2026-02-10,android
2902287,2026-03-13,android
2901765,2026-01-03,android
2902213,2026-01-20,ios
2901281,2026-01-05,ios
2902923,2026-01-06,ios
2901514,2026-03-09,ios
2901336,2025-09-28,ios
2903701,2026-02-19,android
2903582,2025-09-08,android
2902670,2026-02-26,android
2904030,2026-01-05,android
2901464,2026-02-23,android
2902868,2025-12-04,ios
2901996,2026-02-23,android
2902419,2025-11-06,android
2902661,2025-11-16,ios
2902370,2025-07-12,ios
2901439,2026-02-11,ios
2903643,2026-03-23,ios
2901479,2025-12-05,ios
2902580,2025-12-03,ios
2903609,2025-10-30,ios
2901989,2026-02-20,ios
2901431,2025-12-20,android
2902314,2026-02-15,android
2903909,2025-11-03,android
2904057,2026-01-14,android
2901792,2025-12-17,android
2901419,2025-11-13,ios
2903779,2026-02-18,android
2901274,2025-12-24,ios
2903364,2026-02-27,ios
2902753,2025-08-22,android
2901917,2026-02-17,android
2902153,2026-01-02,android
2903608,2026-01-28,android
2903063,2026-03-25,android
2901789,2025-12-24,ios
2903109,2025-10-24,ios
2903288,2026-02-02,ios
2903126,2026-03-29,android
2903615,2025-11-03,android
2902323,2025-07-26,android
2901859,2026-01-11,android
2902650,2025-09-18,android
2903805,2026-01-18,ios
2903756,2025-07-28,android
2902726,2026-01-10,ios
2902984,2025-07-18,ios
2902786,2025-10-21,ios
2903931,2025-07-22,ios
2901483,2026-03-06,android
2903860,2025-07-04,ios
2903664,2026-03-14,ios
2901631,2026-01-23,ios
2902742,2025-11-19,android
2903147,2026-02-20,ios
2904043,2025-11-30,ios
2903685,2025-07-03,ios
2902699,2025-11-13,ios
2901417,2026-03-22,ios
2903957,2026-01-03,ios
2901081,2025-12-02,android
2903414,2025-08-30,android
2901751,2026-03-04,android
2902676,2026-03-16,ios
2902202,2026-03-17,android
2903125,2025-09-17,android
2902974,2026-02-26,ios
2904009,2026-01-05,ios
2901096,2025-07-25,ios
2902681,2025-10-30,ios
2902379,2025-12-01,android
2902021,2025-09-10,ios
2901147,2025-10-04,android
2902042,2025-07-19,ios
2901633,2026-03-11,android
2903178,2026-02-24,ios
2903629,2026-01-31,android
2902169,2025-07-08,ios
2903766,2026-01-03,android
2903078,2026-01-05,android
2903627,2026-01-10,android
2901660,2025-10-29,ios
2902807,2026-03-08,ios
2903600,2026-01-26,android
2901435,2025-12-18,android
2903607,2025-10-12,ios
2901584,2025-08-27,ios
2903358,2026-03-14,android
2901323,2025-08-08,ios
2901840,2025-11-18,ios
2902943,2026-02-04,ios
2902271,2026-02-11,ios
2902537,2026-01-24,android
2901825,2025-09-15,android
2902018,2025-11-27,ios
2901586,2025-12-22,android
2901516,2026-02-09,ios
2901466,2025-12-07,android
2901017,2025-11-07,ios
2903691,2025-08-14,android
2902330,2025-11-11,ios
2901700,2026-03-17,ios
2904002,2025-08-28,android
2903025,2025-09-10,ios
2903222,2025-12-28,android
2902230,2025-08-05,android
2901742,2025-08-23,ios
2902008,2025-10-30,ios
2903602,2026-02-02,android
2903268,2026-03-12,ios
2903460,2026-03-25,android
2902374,2025-07-13,ios
2902861,2025-07-14,ios
2903739,2026-03-22,ios
2903946,2026-02-25,ios
2901788,2025-09-16,ios
2901626,2025-11-16,android
2903495,2025-07-18,android
2901013,2025-07-13,ios
2901379,2026-03-12,ios
2902408,2025-10-12,ios
2903969,2025-12-31,ios
2901874,2026-01-23,ios
2903653,2025-11-16,ios
2901591,2025-11-22,android
2901549,2025-11-11,ios
2901829,2025-09-26,ios
2902086,2025-07-15,android
2902487,2025-07-28,ios
2903470,2026-01-16,ios
2901879,2025-10-19,android
2901333,2026-01-30,ios
2901536,2025-08-25,ios
2902486,2026-03-01,ios
2902310,2025-10-22,android
2901094,2026-02-03,ios
2902363,2025-07-17,android
2903185,2025-07-31,ios
2901725,2026-03-13,ios
2903184,2025-09-03,ios
2902358,2025-08-28,android
2901495,2026-02-03,android
2901242,2025-09-07,ios
2902383,2025-07-17,ios
2902977,2025-12-01,ios
2901124,2025-09-28,android
2901663,2025-12-30,ios
2902165,2026-01-10,ios
2903070,2025-07-08,ios
2903859,2026-03-27,ios
2903257,2025-11-24,android
2904040,2026-01-03,ios
2901698,2025-07-23,ios
2903421,2026-01-16,ios
2901574,2025-12-18,ios
2902170,2025-08-05,android
2904065,2026-03-27,android
2902264,2026-01-24,ios
2902349,2026-02-17,ios
2901186,2026-03-22,ios
2902284,2025-10-31,ios
2901731,2025-09-30,ios
2903179,2025-09-24,android
2903543,2025-11-22,android
2902618,2025-09-21,ios
2903418,2026-03-23,android
2901815,2025-07-03,ios
2903068,2025-07-26,android
2903570,2026-03-21,android
2903997,2026-01-02,ios
2902443,2026-02-23,ios
2901388,2025-11-07,ios
2903843,2026-03-13,android
2903164,2026-01-23,ios
2904031,2026-02-13,ios
2901643,2026-03-29,android
2902427,2026-03-18,ios
2902099,2025-11-07,android
2903654,2025-10-20,ios
2903750,2026-03-10,ios
2901058,2025-12-29,android
2901993,2026-01-17,ios
2903686,2025-09-30,android
2903693,2025-11-06,ios
2901236,2025-07-21,ios
2902781,2026-02-04,ios
2901057,2026-01-26,ios
2902689,2026-03-17,ios
2901604,2026-01-17,ios
2903666,2026-01-25,android
2901717,2026-02-26,android
2901095,2026-01-12,ios
2902256,2026-03-25,ios
2903745,2026-03-12,android
2903088,2025-08-15,ios
2902549,2025-09-10,android
2903494,2025-12-29,android
2902321,2025-09-15,ios
2903251,2025-07-25,android
2903727,2026-03-21,ios
2901465,2026-03-07,ios
2903467,2025-10-10,ios
2901202,2025-08-12,ios
2902078,2025-10-28,android
2902788,2026-02-05,ios
2903009,2025-09-01,android
2901722,2025-10-01,ios
2902992,2025-08-03,ios
2902454,2026-03-18,ios
2902578,2026-03-22,ios
2902623,2025-10-13,android
2903485,2025-11-23,android
2902140,2026-03-04,ios
2901499,2025-08-04,android
2901956,2026-01-25,ios
2901978,2026-01-10,android
2901029,2026-03-02,android
2903261,2025-08-13,android
2901084,2026-03-11,ios
2903182,2026-03-22,android
2902617,2026-02-16,ios
2901767,2026-02-16,ios
2903651,2026-01-17,ios
2901803,2026-02-20,android
2901872,2026-01-08,android
2903808,2026-01-21,ios
2902986,2026-01-28,ios
2902932,2025-09-05,ios
2903799,2026-02-11,ios
2902555,2026-02-15,ios
2902715,2025-12-26,ios
2903713,2025-11-11,ios
2904050,2025-07-08,android
2901158,2025-09-30,ios
2901221,2025-09-18,android
2903586,2025-07-26,ios
2901535,2025-07-12,android
2901690,2025-11-03,ios
2903168,2025-10-04,android
2902615,2025-12-19,ios
2903013,2026-03-19,ios
2903966,2025-08-21,ios
2902671,2025-08-11,ios
2903893,2026-02-02,ios
2903934,2025-11-07,android
2902064,2026-01-29,ios
2901911,2025-12-20,ios
2902038,2025-09-02,ios
2901559,2026-02-08,ios
2902695,2025-08-18,ios
2903746,2026-01-25,android
2903412,2025-08-29,ios
2902973,2026-01-30,ios
2902391,2026-02-07,ios
2903922,2025-10-03,android
2902738,2025-07-07,ios
2903440,2026-03-08,ios
2903072,2026-02-23,android
2903552,2025-11-14,android
2901990,2025-07-18,android
2901228,2026-03-10,android
2902416,2025-11-08,ios
2904026,2025-10-15,ios
2903281,2025-08-19,android
2903107,2026-02-11,ios
2902248,2026-02-12,android
2902665,2026-03-03,ios
2903959,2025-07-04,ios
2901900,2026-01-20,ios
2903486,2026-02-20,android
2903172,2025-07-31,ios
2903170,2026-03-13,ios
2902889,2026-03-16,android
2903333,2026-03-15,android
2901165,2025-08-23,ios
2902094,2025-08-02,ios
2902703,2026-03-15,ios
2903638,2025-11-01,android
2903587,2026-01-24,ios
2901940,2025-09-05,ios
2903668,2025-07-28,ios
2902811,2026-01-25,android
2903157,2026-01-17,ios
2903723,2025-10-25,android
2902336,2026-02-06,android
2902880,2025-10-22,android
2901090,2025-07-09,ios
2901110,2026-03-30,ios
2903962,2026-02-17,ios
2903867,2026-03-04,ios
2901053,2026-03-23,android
2901921,2025-07-04,ios
2902727,2025-07-06,ios
2901998,2025-10-19,android
2903834,2025-09-01,ios
2901869,2026-02-22,ios
2901684,2026-01-28,ios
2901492,2025-10-14,android
2902961,2026-02-23,android
2901498,2025-07-12,ios
2903827,2026-03-06,ios
2902172,2026-02-28,android
2904024,2025-07-19,ios
2903180,2026-03-14,ios
2902343,2025-07-23,android
2902564,2026-03-07,android
2903974,2025-08-06,ios
2902161,2025-11-10,android
2901303,2025-11-24,android
2901735,2025-12-10,android
2901974,2025-10-24,android
2901060,2025-11-20,ios
2902110,2026-03-05,ios
2901170,2026-03-09,ios
2902229,2026-03-20,ios
2903098,2025-11-06,android
2902399,2026-01-12,android
2902553,2025-09-02,ios
2903658,2026-01-30,ios
2902016,2025-09-03,ios
2902420,2026-03-20,ios
2902949,2025-09-01,ios
2901369,2025-09-17,android
2902754,2025-07-21,ios
2903504,2026-03-21,ios
2901521,2026-03-30,android
2902200,2025-11-06,ios
2903625,2026-03-05,android
2902188,2025-12-01,ios
2903616,2026-03-14,ios
2901054,2025-10-12,ios
2903115,2025-08-18,ios
2902079,2025-08-11,android
2903554,2026-01-21,ios
2903716,2026-01-01,android
2901480,2025-11-08,ios
2901923,2025-08-02,android
2901683,2025-07-06,ios
2901408,2026-03-20,ios
2901441,2025-11-06,ios
2903813,2025-08-16,ios
2901966,2026-03-18,ios
2901531,2026-02-26,android
2903062,2026-03-25,ios
2901467,2025-12-10,android
2902385,2025-07-03,ios
2903459,2026-03-23,ios
2902570,2026-02-06,ios
2902790,2026-03-03,ios
2901714,2026-03-27,ios
2902938,2025-07-28,ios
2902692,2025-10-13,android
2904032,2025-11-17,android
2902912,2025-08-11,ios
2901804,2025-10-05,ios
2901845,2026-03-12,ios
2901205,2026-01-19,ios
2902181,2025-12-02,android
2903306,2026-01-04,ios
2902423,2026-03-13,ios
2904033,2025-10-17,ios
2902589,2026-02-23,ios
2901773,2025-07-13,ios
2903984,2025-12-10,ios
2901595,2025-12-04,android
2903277,2025-11-04,android
2902798,2025-11-13,ios
2904067,2026-01-20,ios
2901306,2026-03-17,android
2903924,2025-10-17,android
2902217,2025-09-08,android
2902891,2026-01-26,android
2903266,2025-07-01,android
2902740,2026-02-20,ios
2901121,2026-01-17,ios
2902851,2026-02-06,ios
2903883,2026-03-14,ios
2902534,2025-10-11,ios
2902780,2025-08-13,android
2903332,2026-02-03,android
2903061,2026-01-05,android
2903092,2025-09-04,ios
2901503,2025-11-03,ios
2901761,2026-03-19,android
2903214,2026-02-13,android
2901848,2025-10-31,ios
2902306,2025-11-24,ios
2903976,2026-02-23,android
2903497,2025-08-04,ios
2901428,2025-10-27,android
2903515,2026-02-27,ios
2903667,2025-10-20,android
2901027,2026-01-28,ios
2902033,2026-03-14,ios
2902660,2026-02-25,ios
2903547,2026-03-24,android
2901141,2026-03-26,ios
2903273,2025-10-04,ios
2901071,2025-09-02,android
2902026,2025-08-08,android
2901024,2026-02-04,ios
2901184,2026-02-07,android
2902342,2025-09-12,ios
2903423,2026-03-17,android
2901204,2026-02-19,ios
2901294,2026-02-28,ios
2902713,2026-01-19,android
2901035,2025-11-12,android
2902199,2026-01-07,android
2902403,2025-09-27,ios
2901156,2025-08-21,ios
2902268,2026-03-02,android
2902567,2026-03-01,ios
2901348,2025-10-23,ios
2903890,2025-08-29,ios
2903310,2026-03-28,android
2902899,2026-03-19,ios
2902817,2025-09-13,ios
2902625,2026-01-12,android
2901359,2026-03-13,ios
2901878,2025-08-29,ios
2903160,2025-11-23,android
2903023,2026-02-19,android
2901206,2025-10-16,ios
2901833,2025-11-11,ios
2901310,2026-01-22,ios
2901443,2026-02-22,ios
2902499,2025-09-24,android
2901382,2026-03-19,ios
2902194,2025-08-28,android
2903947,2026-03-04,android
2902298,2025-11-14,android
2902146,2026-01-24,ios
2901570,2025-10-24,ios
2902260,2025-10-15,ios
2901391,2026-02-01,ios
2902446,2026-03-09,ios
2903372,2025-09-14,android
2903148,2025-07-19,ios
2904014,2025-09-27,ios
2901387,2026-02-20,ios
2903014,2025-12-27,ios
2903640,2026-02-11,ios
2901885,2026-03-13,ios
2902460,2026-02-24,ios
2901980,2025-10-11,android
2901055,2026-02-16,ios
2903462,2025-07-05,android
2902758,2025-08-04,android
2901016,2025-09-11,android
2902958,2025-07-08,android
2903080,2026-01-04,android
2901341,2025-09-05,ios
2903132,2026-02-07,ios
2903755,2025-12-09,ios
2901015,2026-03-14,ios
2903605,2026-02-01,ios
2901740,2025-08-31,ios
2902782,2026-01-18,ios
2903446,2025-09-18,ios
2902508,2025-07-17,android
2903729,2026-02-26,android
2901421,2026-02-20,ios
2902437,2026-01-23,android
2901520,2026-03-23,ios
2903644,2025-11-06,ios
2901914,2026-03-29,ios
2903910,2026-01-03,ios
2901459,2026-03-28,android
2901834,2026-03-05,ios
2901555,2025-07-18,android
2901481,2026-03-23,ios
2902380,2025-10-15,ios
2902417,2025-07-23,android
2901381,2026-02-20,ios
2902369,2025-11-26,android
2901835,2025-07-23,ios
2902246,2026-01-12,android
2903196,2026-02-13,android
2903334,2026-02-01,ios
2903340,2025-09-10,android
2903361,2025-10-01,android
2901727,2026-03-25,android
2901662,2025-10-23,android
2903007,2025-08-25,ios
2902718,2025-07-25,ios
2901718,2025-08-20,android
2901685,2025-11-15,ios
2901747,2025-07-15,android
2903079,2025-09-29,ios
2901837,2026-01-30,ios
2902407,2026-03-22,ios
2904075,2025-12-29,android
2901218,2025-08-25,android
2903191,2026-03-11,android
2901588,2025-10-01,ios
2901558,2025-08-13,ios
2901226,2026-02-02,ios
2902872,2025-07-31,android
2903008,2026-01-28,ios
2902862,2025-11-18,android
2903478,2026-02-21,ios
2903659,2026-03-11,ios
2902516,2025-12-16,ios
2903773,2025-11-02,android
2901854,2025-09-13,ios
2902712,2026-03-01,android
2901512,2026-03-25,android
2902656,2025-07-19,ios
2902112,2025-12-27,ios
2902794,2025-09-19,ios
2902556,2026-02-01,ios
2903889,2026-02-02,android
2901843,2026-03-27,ios
2902732,2026-02-15,ios
2903991,2026-02-04,ios
2903694,2026-02-11,android
2901299,2025-09-18,ios
2903669,2026-03-27,android
2901115,2025-10-27,ios
2901650,2026-01-18,android
2902135,2025-10-12,ios
2902680,2026-01-14,android
2901627,2026-02-09,ios
2903385,2025-11-29,ios
2901287,2026-02-21,ios
2903674,2026-02-05,ios
2902638,2025-12-27,android
2901566,2025-08-16,ios
2902787,2025-10-01,ios
2903434,2025-09-18,ios
2901711,2025-07-07,ios
2902412,2026-03-04,ios
2902261,2026-02-23,ios
2904070,2026-03-11,android
2903906,2025-08-14,ios
2901440,2025-09-01,android
2903921,2026-03-19,ios
2902139,2025-07-16,ios
2901970,2026-02-10,ios
2902922,2026-03-05,android
2903236,2025-08-23,ios
2901528,2025-11-20,ios
2902255,2025-09-05,ios
2902209,2026-02-01,ios
2902800,2025-08-16,android
2902845,2026-02-11,ios
2902225,2025-09-15,ios
2903028,2025-10-26,ios
2901585,2026-01-02,android
2901538,2025-10-27,android
2903074,2026-01-27,ios
2901458,2026-03-07,ios
2902924,2026-02-17,ios
2903031,2026-02-26,ios
2903448,2025-11-20,android
2903631,2025-08-10,android
2901992,2025-11-03,ios
2902769,2026-01-27,ios
2901959,2025-10-19,android
2902535,2026-02-28,ios
2903861,2026-03-15,ios
2902057,2025-07-16,ios
2903622,2025-08-12,ios
2902704,2025-07-07,ios
2902776,2025-08-01,android
2901116,2026-03-12,ios
2901390,2025-12-25,ios
2902859,2025-09-21,ios
2901257,2026-01-30,ios
2901783,2025-09-17,android
2902337,2025-09-15,android
2903038,2026-02-24,ios
2903911,2026-03-03,ios
2903869,2026-01-27,ios
2901542,2026-03-07,android
2902277,2026-02-20,android
2901954,2026-01-14,android
2902438,2025-09-10,ios
2902525,2026-03-03,ios
2903353,2025-08-20,ios
2903468,2025-10-01,ios
2902345,2026-01-19,ios
2902805,2026-01-01,android
2902095,2025-07-08,android
2901280,2026-03-05,ios
2902458,2025-12-11,android
2901916,2025-11-18,ios
2903259,2026-01-16,ios
2903491,2025-10-11,android
2903604,2025-11-19,ios
2903129,2025-08-30,ios
2902053,2026-01-25,android
2903291,2025-11-12,ios
2901164,2025-07-08,android
2903035,2025-09-06,ios
2901103,2025-10-25,ios
2902953,2026-01-17,android
2902129,2025-10-25,android
2902132,2026-03-27,android
2902547,2026-03-14,android
2903620,2026-03-19,android
2902184,2025-08-23,ios
2902774,2025-08-20,android
2901757,2025-10-17,ios
2903047,2026-03-23,ios
2902015,2025-08-09,android
2903853,2026-01-01,ios
2901850,2025-07-29,ios
2903326,2026-01-07,android
2901437,2025-12-20,ios
2903366,2026-03-05,ios
2903192,2026-03-10,android
2902490,2025-12-20,android
2901635,2026-03-02,ios
2902489,2025-08-29,ios
2903759,2026-03-11,ios
2901578,2026-01-05,ios
2903979,2026-03-02,ios
2903490,2025-12-30,ios
2902784,2026-03-24,android
2902159,2026-01-27,ios
2901210,2026-02-26,ios
2903341,2026-03-07,ios
2901977,2026-03-25,ios
2902610,2025-11-29,ios
2902037,2026-03-11,android
2902519,2026-02-17,ios
2903220,2026-01-23,ios
2903250,2026-01-29,android
2902809,2026-01-31,ios
2902911,2026-03-22,ios
2903791,2026-01-27,android
2902550,2026-02-07,android
2902898,2026-01-30,android
2903894,2025-09-05,android
2902559,2026-01-05,ios
2903878,2026-01-08,ios
2903786,2025-11-30,ios
2901541,2025-12-31,ios
2903816,2025-08-10,ios
2901447,2025-09-30,ios
2901091,2026-01-07,ios
2902376,2026-03-26,ios
2902757,2026-02-05,ios
2901629,2025-12-09,ios
2903271,2025-11-07,ios
2902432,2026-03-26,android
2903429,2025-12-26,ios
2903583,2026-01-22,ios
2901339,2025-07-04,ios
2902467,2025-07-27,ios
2902607,2025-10-23,ios
2901337,2025-07-30,android
2903561,2026-01-28,ios
2902691,2026-02-21,ios
2903379,2025-12-16,ios
2902917,2025-11-09,android
2902767,2025-09-13,ios
2903920,2025-11-02,ios
2902818,2026-01-06,ios
2901936,2026-02-23,ios
2901078,2025-11-15,ios
2902182,2025-12-25,ios
2903215,2026-01-05,android
2902929,2025-08-10,ios
2901372,2026-02-26,android
2902910,2026-03-07,android
2903360,2025-11-07,android
2902294,2025-09-22,android
2902730,2025-07-22,ios
2902554,2025-11-04,android
2901137,2025-11-01,ios
2902215,2026-03-11,ios
2903680,2025-11-13,android
2901148,2026-01-07,android
2903560,2025-10-01,android
2902127,2025-08-23,ios
2901364,2025-12-03,ios
2901737,2025-12-29,android
2903387,2025-12-03,android
2901343,2026-03-25,ios
2902659,2026-01-28,ios
2901658,2025-07-06,android
2901910,2026-03-10,ios
2901811,2026-03-04,android
2903626,2025-12-03,ios
2904006,2025-10-16,android
2903961,2026-03-30,ios
2902253,2026-02-20,android
2903127,2025-08-20,android
2902137,2026-03-21,ios
2903944,2026-02-27,ios
2903740,2025-12-28,ios
2902849,2025-08-26,android
2903499,2025-08-18,ios
2902867,2025-07-15,ios
2901602,2025-12-31,android
2903730,2025-09-17,android
2903623,2025-07-19,ios
2902652,2025-11-30,android
2901490,2026-03-30,ios
2904062,2025-12-30,ios
2903212,2025-12-16,ios
2902030,2026-01-04,ios
2903760,2025-07-28,ios
2903928,2026-03-22,android
2902558,2025-09-20,ios
2902191,2025-10-25,android
2902452,2025-08-11,ios
2902763,2025-09-08,android
2903243,2026-01-16,ios
2901572,2025-10-17,ios
2901984,2025-07-31,ios
2902941,2026-03-01,ios
2902614,2026-03-26,android
2901061,2026-02-27,ios
2902759,2025-07-04,ios
2902493,2026-02-16,ios
2903971,2025-08-16,android
2901973,2025-10-23,ios
2901616,2026-03-18,ios
2901501,2026-02-02,ios
2902963,2025-08-14,android
2903940,2026-03-07,ios
2902930,2025-10-18,android
2902954,2025-07-11,android
2903676,2025-09-03,ios
2902115,2025-08-13,android
2902326,2025-11-11,ios
2902901,2026-01-11,ios
2901857,2025-10-29,ios
2902212,2025-08-23,android
2902189,2025-12-03,android
2902725,2026-01-22,android
2901644,2025-07-09,ios
2902045,2026-03-22,android
2902951,2026-02-09,ios
2901573,2026-03-01,ios
2903613,2025-12-10,android
2902734,2026-03-06,android
2903835,2026-03-05,ios
2901416,2025-07-02,ios
2901762,2025-09-28,ios
2903069,2026-03-18,ios
2902386,2025-11-23,ios
2902308,2025-11-05,ios
2903165,2026-02-09,android
2901805,2025-12-18,android
2903401,2025-10-03,ios
2901508,2025-09-13,android
2901524,2026-02-21,ios
2902921,2026-03-25,ios
2902258,2025-12-10,android
2902005,2025-11-20,ios
2903618,2025-11-18,ios
2901192,2026-03-08,android
2901715,2025-07-16,android
2902514,2026-02-20,ios
2902063,2026-03-18,ios
2902249,2026-03-29,ios
2901881,2026-03-17,ios
2903914,2026-02-23,ios
2902729,2025-07-16,ios
2903301,2026-03-14,ios
2901720,2025-09-25,ios
2901925,2026-03-21,ios
2903395,2025-08-20,android
2901770,2026-02-05,android
2902081,2025-12-01,ios
2901283,2025-09-12,ios
2901286,2026-02-20,ios
2902435,2026-03-23,android
2902987,2025-08-16,android
2903254,2025-08-21,android
2901045,2026-02-15,ios
2903111,2025-11-13,android
2902482,2025-08-08,ios
2902387,2026-03-05,ios
2902684,2025-11-09,ios
2903978,2026-03-24,ios
2901551,2025-11-17,ios
2901771,2025-12-24,android
2901217,2026-02-25,ios
2901776,2026-03-07,ios
2901519,2025-07-07,android
2903717,2025-08-23,android
2903355,2025-12-29,ios
2902028,2026-01-12,ios
2902576,2026-03-08,android
2903370,2026-02-23,android
2903258,2025-09-13,ios
2903245,2025-07-30,ios
2901510,2026-02-10,android
2902503,2025-07-20,android
2903811,2025-12-02,android
2903049,2025-11-13,ios
2901034,2025-08-02,ios
2903535,2025-11-04,android
2903868,2025-07-09,android
2903917,2025-10-29,ios
2903518,2025-10-24,ios
2902232,2026-01-01,ios
2901026,2025-12-31,ios
2903100,2025-10-12,android
2901292,2026-01-29,ios
2902693,2025-07-02,ios
2903603,2026-03-09,ios
2903690,2026-01-04,ios
2901653,2025-07-23,ios
2903517,2026-01-17,android
2901330,2026-02-23,android
2901830,2026-02-13,ios
2901289,2025-08-18,ios
2902716,2025-09-06,ios
2903438,2025-12-31,android
2901864,2026-03-01,android
2901412,2026-02-20,android
2901093,2026-01-31,android
2903240,2025-10-04,ios
2903963,2026-01-03,ios
2904087,2026-03-26,ios
2901068,2026-02-16,ios
2901532,2026-03-29,ios
2901268,2026-03-17,android
2903042,2026-03-27,android
2903012,2026-03-15,ios
2902622,2026-01-01,ios
2903907,2026-02-04,ios
2902288,2025-12-19,ios
2901487,2026-02-22,ios
2902783,2026-03-11,android
2902841,2026-03-12,android
2903279,2026-03-15,ios
2903880,2026-02-02,ios
2901491,2026-03-25,android
2903585,2026-02-20,ios
2902789,2026-03-15,ios
2903542,2026-01-30,android
2901119,2025-11-26,android
2902646,2026-02-22,android
2903019,2026-03-12,ios
2901931,2026-03-27,android
2901051,2025-08-10,ios
2903815,2026-02-26,android
2902504,2025-07-11,ios
2903339,2025-10-05,ios
2901214,2025-07-16,ios
2902931,2026-02-11,android
2901370,2026-03-22,android
2902906,2025-09-07,ios
2902429,2026-03-15,ios
2901899,2026-02-01,ios
2903953,2026-01-06,ios
2902128,2026-03-18,ios
2901240,2026-03-16,ios
2903410,2026-03-29,ios
2901211,2025-11-21,android
2902262,2026-02-04,ios
2903936,2026-02-26,android
2902933,2025-10-12,ios
2903803,2025-07-01,ios
2903436,2026-03-18,ios
2902085,2026-01-09,ios
2901316,2026-01-05,ios
2902948,2026-01-26,ios
2902583,2026-02-25,android
2902697,2026-03-18,android
2902466,2026-03-08,android
2902566,2026-01-07,android
2901539,2025-12-09,ios
2903224,2025-10-03,android
2902529,2026-03-01,ios
2903989,2026-02-19,ios
2902517,2025-09-22,android
2902027,2025-09-16,android
2903687,2026-02-02,ios
2901666,2025-09-13,ios
2903223,2025-09-16,ios
2903718,2025-12-27,android
2903330,2026-03-26,android
2903000,2025-11-12,android
2901583,2026-03-25,ios
2901079,2025-10-19,ios
2903457,2026-02-21,android
2903769,2026-01-17,ios
2903138,2025-10-21,android
2903703,2026-01-02,android
2903528,2025-10-16,ios
2903302,2025-07-18,android
2902887,2025-12-27,android
2903308,2025-11-01,ios
2902572,2025-09-11,ios
2901986,2026-03-02,android
2901611,2025-11-24,android
2902198,2025-07-27,ios
2902883,2026-02-16,android
2903606,2026-02-25,android
2901023,2025-07-11,ios
2901207,2026-02-04,android
2903205,2026-01-13,ios
2902087,2025-12-19,android
2903174,2025-07-14,android
2902808,2025-08-20,ios
2903066,2026-03-14,ios
2903516,2025-10-01,android
2901901,2026-02-24,ios
2903881,2026-03-10,ios
2902792,2026-01-21,android
2901868,2026-01-02,ios
2902884,2025-10-24,ios
2901824,2025-12-12,ios
2902600,2026-03-23,ios
2902154,2026-01-18,ios
2901157,2026-01-14,ios
2901581,2025-11-21,ios
2901118,2026-03-30,ios
2901808,2025-11-15,ios
2901739,2026-02-27,ios
2901044,2025-11-26,ios
2903900,2026-03-21,android
2901755,2026-02-21,android
2902523,2026-01-25,ios
2901732,2025-09-04,ios
2901413,2026-03-09,ios
2901298,2025-07-16,ios
2902882,2026-01-05,ios
2901652,2026-03-18,android
2904061,2026-01-05,ios
2903262,2026-01-16,android
2902821,2025-11-06,ios
2903206,2025-10-20,android
2903090,2026-03-09,ios
2903782,2026-02-26,ios
2902540,2026-03-05,ios
2901489,2025-08-09,android
2903407,2026-02-08,ios
2902515,2026-03-10,android
2903241,2025-12-01,ios
2902819,2026-03-27,android
2902682,2025-11-04,ios
2901075,2025-07-17,ios
2902058,2026-02-22,android
2902413,2025-12-11,ios
2901174,2025-09-26,android
2903424,2026-01-06,ios
2903314,2026-01-20,ios
2902997,2025-07-02,android
2903882,2026-03-08,ios
2903670,2026-01-29,android
2902102,2025-09-17,ios
2901496,2025-11-07,ios
2901066,2026-03-17,ios
2903754,2026-02-28,ios
2903055,2025-12-29,ios
2902902,2026-01-19,android
2901523,2025-09-15,android
2902639,2026-03-19,android
2901669,2025-07-25,android
2902860,2025-08-16,ios
2903804,2026-03-29,ios
2901178,2025-12-01,android
2902068,2026-03-20,ios
2902297,2026-02-13,android
2901774,2026-02-10,ios
2901083,2025-12-03,android
2901895,2025-07-12,android
2903836,2025-11-01,android
2903263,2026-01-20,ios
2902702,2025-12-31,ios
2902469,2025-08-04,android
2901530,2025-09-03,android
2902111,2025-09-13,android
2902014,2026-02-25,ios
2902881,2026-02-24,android
2901838,2025-07-17,ios
2902746,2026-03-17,android
2901452,2025-12-13,ios
2901039,2026-01-02,ios
2902222,2026-03-08,ios
2903143,2025-10-11,ios
2901795,2026-02-27,android
2902252,2026-01-29,ios
2901470,2025-12-31,ios
2902672,2025-07-10,ios
2903744,2025-11-11,ios
2903409,2025-10-01,ios
2901457,2025-12-19,ios
2901434,2026-03-08,ios
2903630,2026-03-15,ios
2901613,2025-11-05,ios
2901201,2025-07-16,ios
2903354,2025-09-30,ios
2901533,2025-10-21,ios
2901102,2026-02-19,android
2902299,2026-02-01,ios
2902481,2026-02-26,ios
2902502,2025-10-25,android
2903351,2025-10-19,ios
2902334,2026-01-23,android
2903683,2025-07-25,ios
2903235,2026-01-19,ios
2901432,2026-01-08,ios
2902936,2026-01-29,android
2903652,2025-08-05,ios
2901949,2025-08-08,ios
2901569,2025-08-12,android
2901450,2025-10-08,ios
2902587,2025-08-23,ios
2902885,2025-12-26,ios
2902233,2026-02-07,ios
2902405,2025-07-22,android
2902428,2026-02-17,android
2903396,2026-03-28,ios
2903493,2025-11-16,ios
2901296,2025-07-21,android
2901782,2025-11-09,android
2902850,2026-02-08,android
2904023,2026-03-12,ios
2903925,2025-12-19,ios
2902331,2026-02-20,android
2901637,2026-01-23,ios
2902935,2026-01-17,ios
2903471,2025-09-10,android
2903977,2025-11-03,ios
2904013,2026-03-27,ios
2901505,2025-10-13,ios
2902346,2025-11-06,ios
2902145,2025-10-10,android
2903365,2025-08-13,ios
2901670,2026-03-09,ios
2903347,2025-07-30,ios
2901778,2026-02-13,ios
2901741,2026-01-04,ios
2903021,2025-12-07,ios
2903757,2025-08-08,ios
2901594,2025-12-18,ios
2903475,2025-07-08,ios
2901468,2025-09-24,ios
2903099,2025-08-06,ios
2903417,2026-01-17,android
2901122,2026-02-11,android
2902049,2026-03-06,ios
2901176,2026-03-05,ios
2903108,2026-01-08,ios
2903569,2026-03-02,ios
2901444,2025-10-09,android
2901781,2026-03-30,android
2901136,2026-01-04,android
2902065,2026-01-14,ios
2902822,2025-11-07,android
2902658,2025-11-27,ios
2903551,2025-12-15,ios
2901554,2025-10-10,ios
2902942,2026-01-03,ios
2904079,2026-03-25,ios
2902180,2025-10-31,ios
2903884,2025-12-26,android
2903199,2025-10-18,ios
2903057,2025-12-31,ios
2902059,2026-02-28,android
2903142,2025-08-11,ios
2903188,2026-02-13,ios
2903774,2025-10-02,ios
2903496,2026-01-27,ios
2901040,2026-01-06,android
2903352,2025-08-05,ios
2901828,2026-02-01,android
2903636,2026-02-13,android
2903437,2026-02-20,android
2901907,2026-01-24,ios
2903442,2026-03-23,ios
2902825,2025-07-06,android
2902070,2026-03-25,ios
2903050,2025-12-23,android
2902593,2025-10-09,ios
2902480,2026-03-02,android
2902785,2026-03-01,ios
2902270,2025-10-28,android
2903169,2026-03-18,android
2903498,2025-10-28,ios
2901763,2025-12-10,ios
2903982,2025-11-24,ios
2902591,2026-03-19,android
2903135,2026-01-10,ios
2902507,2026-03-28,ios
2902545,2025-11-26,ios
2903422,2025-08-30,android
2901453,2026-03-14,ios
2903829,2025-08-12,ios
2901884,2025-11-11,ios
2903590,2026-01-27,ios
2903601,2026-03-03,ios
2902448,2025-11-16,ios
2903295,2025-10-11,ios
2904059,2026-01-22,ios
2902158,2025-11-17,ios
2903581,2025-10-06,ios
2903896,2026-03-14,ios
2903411,2026-02-19,ios
2903741,2025-12-24,ios
2903980,2025-09-05,ios
2902604,2025-10-06,android
2901395,2026-02-24,ios
2901823,2025-12-01,android
2901953,2026-01-30,android
2902590,2026-03-16,ios
2902886,2026-01-15,ios
2903305,2025-07-07,android
2901719,2026-03-09,android
2903419,2026-02-06,ios
2903846,2025-09-29,ios
2901162,2026-03-05,android
2901557,2026-01-20,ios
2902426,2025-10-17,ios
2902904,2025-12-18,android
2903696,2025-11-10,ios
2903455,2026-01-02,ios
2901368,2025-09-18,ios
2903256,2025-08-15,ios
2903793,2025-08-27,ios
2902195,2025-07-19,ios
2901429,2026-02-16,ios
2903536,2026-03-29,ios
2901402,2026-03-21,ios
2901270,2026-01-30,ios
2903975,2026-01-10,android
2901344,2026-01-27,android
2901772,2026-01-06,android
2903533,2025-12-06,android
2901396,2026-02-01,android
2901526,2026-02-24,ios
2901318,2026-01-06,android
2901636,2026-03-01,ios
2901777,2026-03-26,android
2904073,2025-10-12,ios
2903895,2025-09-07,ios
2903309,2026-02-28,ios
2902522,2025-11-20,ios
2901041,2025-09-26,ios
2901892,2025-09-29,ios
2903557,2026-01-18,android
2902582,2025-11-30,ios
2902071,2026-01-30,android
2903005,2026-01-16,android
2901420,2026-02-04,ios
2903380,2025-09-27,android
2902877,2025-11-18,ios
2901011,2026-01-08,ios
2901608,2026-01-12,ios
2903839,2025-09-16,ios
2903702,2025-07-21,ios
2902075,2026-01-07,android
2903819,2026-01-24,ios
2901785,2026-03-02,ios
2901807,2026-01-31,android
2901373,2026-03-06,ios
2901455,2026-03-21,android
2902955,2026-03-05,ios
2902498,2025-07-28,ios
2901525,2025-10-20,android
2901780,2026-01-06,ios
2902677,2026-03-11,ios
2903510,2025-08-13,ios
2902888,2026-03-30,android
2902683,2025-12-30,ios
2902626,2025-11-10,ios
2901365,2025-10-25,android
2901628,2026-01-08,android
2901810,2025-09-01,android
2903425,2025-07-25,ios
2903770,2025-12-15,ios
2902801,2026-01-04,ios
2903285,2025-12-03,ios
2902897,2026-01-16,android
2901424,2026-03-07,android
2902628,2025-11-08,ios
2903141,2026-02-02,ios
2901821,2026-03-25,ios
2903753,2025-12-24,ios
2901827,2026-01-21,ios
2902530,2025-11-26,android
2901576,2026-02-23,ios
2903873,2026-03-23,ios
2902601,2025-10-11,android
2903837,2026-01-15,android
2903136,2025-12-03,android
2902020,2026-02-20,ios
2902364,2025-09-25,ios
2902511,2025-07-16,ios
2902741,2026-03-30,ios
2903249,2025-10-31,android
2903040,2025-09-04,ios
2902701,2026-03-03,ios
2902723,2025-09-09,ios
2902472,2026-03-16,ios
2901642,2026-03-09,ios
2903898,2026-03-04,android
2903086,2026-02-22,ios
2901304,2025-12-28,ios
2903202,2026-02-27,ios
2902871,2025-11-16,android
2903778,2026-03-25,ios
2902266,2026-03-02,android
2903584,2025-07-14,android
2902648,2025-08-08,ios
2901230,2026-02-17,ios
2903089,2026-03-09,android
2902372,2026-01-12,ios
2901672,2025-11-29,android
2902130,2026-02-25,android
2902456,2025-07-30,ios
2901679,2026-02-18,ios
2901472,2025-09-16,android
2902640,2025-08-09,ios
2901168,2025-07-08,android
2903852,2025-12-18,ios
2903378,2026-02-25,ios
2903369,2025-07-28,ios
2902934,2025-08-17,ios
2903252,2025-08-04,ios
2901704,2026-03-04,android
2902806,2026-03-16,ios
2901143,2025-12-27,android
2903521,2026-03-22,ios
2901120,2026-03-10,ios
2903955,2025-09-14,ios
2902453,2026-03-28,android
2901383,2025-09-16,ios
2902837,2026-03-21,ios
2901254,2025-11-27,ios
2901139,2025-11-13,android
2901797,2025-11-24,ios
2901939,2026-02-16,ios
2901677,2025-12-12,ios
2904051,2025-10-09,android
2903503,2026-02-27,ios
2902761,2026-03-18,ios
2903356,2026-02-08,ios
2903781,2025-08-21,ios
2903948,2026-02-03,android
2901665,2025-08-12,ios
2903292,2025-07-10,ios
2901191,2026-03-25,ios
2903943,2025-09-27,android
2903386,2026-03-08,ios
2903121,2026-03-07,ios
2903479,2025-07-30,android
2902651,2025-09-05,ios
2902760,2025-10-01,ios
2902874,2026-02-15,android
2901905,2026-03-03,android
2901746,2025-08-04,android
2901744,2025-11-14,android
2902635,2025-09-25,android
2904042,2026-02-08,ios
2903081,2026-01-11,android
2901449,2025-08-12,ios
2902444,2025-10-06,android
2903017,2025-09-23,ios
2903526,2026-02-11,ios
2902542,2026-01-31,android
2901866,2026-01-06,android
2903403,2026-03-15,ios
2901689,2025-08-19,android
2902873,2026-03-15,android
2902496,2026-01-03,android
2901598,2026-02-20,ios
2903824,2025-07-04,ios
2903960,2025-07-24,ios
2903942,2026-03-07,ios
2902620,2026-02-27,ios
2902092,2025-11-22,android
2903400,2026-03-07,ios
2901266,2026-01-11,android
2903381,2026-02-14,ios
2903509,2026-01-28,ios
2903137,2025-09-08,ios
2902366,2026-03-05,ios
2902043,2025-10-23,android
2902279,2025-09-12,ios
2902863,2025-10-07,ios
2901645,2026-02-07,android
2901154,2026-01-06,ios
2903134,2025-11-20,android
2903482,2026-02-22,android
2904018,2026-02-27,android
2902531,2026-02-08,ios
2902162,2025-11-10,android
2903762,2025-11-04,ios
2901502,2026-02-20,ios
2901225,2026-02-21,ios
2902430,2025-08-05,android
2903096,2026-02-21,android
2903036,2025-09-28,ios
2903255,2025-08-05,android
2901820,2025-08-22,ios
2903776,2026-02-17,ios
2903505,2026-02-25,ios
2901991,2025-08-19,android
2901486,2025-08-24,android
2901423,2026-02-26,ios
2901290,2026-03-12,android
2902643,2025-10-03,ios
2901582,2025-10-26,ios
2901199,2025-09-30,ios
2903857,2026-03-16,android
2904001,2026-02-09,ios
2901028,2025-09-16,android
2903916,2026-02-02,android
2903577,2026-03-17,ios
2902149,2025-09-15,ios
2904044,2025-09-17,ios
2903216,2026-02-27,ios
2902483,2026-01-27,ios
2902267,2026-03-05,android
2903359,2026-03-19,android
2903228,2025-11-02,ios
2903198,2025-08-28,ios
2902309,2026-03-13,ios
2901436,2025-09-23,android
2901568,2026-03-02,android
2902082,2026-02-25,ios
2901861,2026-02-08,ios
2901968,2025-12-08,ios
2902985,2025-11-24,android
2902829,2025-11-13,ios
2902320,2026-03-17,ios
2903275,2026-03-20,ios
2902459,2025-11-15,android
2902940,2026-02-06,ios
2903614,2026-02-24,ios
2901632,2025-11-18,android
2904008,2025-12-03,android
2902281,2025-07-05,android
2902280,2026-02-26,ios
2901975,2026-01-29,ios
2902892,2025-08-08,android
2901063,2026-03-01,ios
2901227,2025-07-07,android
2903610,2026-03-26,android
2902088,2026-02-01,android
2902010,2025-07-05,ios
2901445,2025-12-29,android
2901260,2026-01-11,ios
2903525,2025-12-24,ios
2902497,2025-08-15,ios
2901172,2026-03-26,android
2902796,2026-01-31,ios
2902957,2026-01-27,ios
2901109,2026-03-04,ios
2901451,2025-09-29,android
2902719,2025-07-20,android
2903346,2026-02-11,ios
2901506,2025-12-30,android
2903992,2025-10-04,ios
2901686,2026-02-21,ios
2903194,2026-02-26,android
2901853,2026-03-29,ios
2901151,2025-10-30,ios
2902838,2025-12-24,android
2902903,2026-03-14,ios
2903972,2025-10-12,ios
2903772,2025-09-22,android
2901630,2025-08-25,ios
2904069,2025-10-17,ios
2901448,2025-09-28,android
2903307,2026-03-09,android
2903058,2026-03-30,ios
2902305,2026-02-28,ios
2903855,2025-11-01,ios
2903087,2025-09-08,ios
2901252,2026-01-22,android
2902234,2025-12-18,ios
2902907,2026-01-02,ios
2903382,2025-11-22,ios
2902967,2026-02-24,ios
2901987,2025-10-18,android
2901873,2026-03-21,android
2902147,2025-09-17,android
2903912,2025-08-06,android
2901580,2025-07-18,android
2903106,2025-08-11,android
2902051,2026-03-09,ios
2903298,2025-12-24,ios
2903632,2025-10-06,ios
2904088,2026-03-24,android
2903336,2026-03-13,ios
2901622,2026-02-03,android
2903550,2026-02-07,ios
2903825,2025-07-01,android
2903913,2025-11-18,ios
2902439,2026-02-24,ios
2901160,2025-10-31,ios
2903719,2025-10-24,ios
2901321,2025-10-16,ios
2902304,2026-03-11,ios
2901315,2026-01-25,android
2904046,2026-02-25,android
2902351,2025-07-04,ios
2903926,2025-10-13,ios
2903870,2025-11-18,android
2903568,2025-11-29,ios
2901264,2026-03-04,android
2901860,2026-01-10,android
2901189,2026-02-16,android
2902606,2025-11-28,ios
2902598,2026-03-12,ios
2903406,2026-01-11,ios
2902649,2025-08-07,ios
2903067,2026-02-08,ios
2901349,2025-08-24,ios
2901612,2025-09-14,ios
2903238,2025-12-10,ios
2903064,2026-03-11,ios
2901603,2026-03-03,ios
2902236,2026-03-18,ios
2903981,2025-08-09,android
2901442,2025-11-05,android
2903596,2026-03-28,ios
2902133,2025-10-28,ios
2903866,2026-01-08,ios
2903731,2026-02-19,ios
2903597,2026-02-24,ios
2902685,2025-10-20,android
2902991,2026-01-01,android
2903704,2026-02-26,android
2903093,2026-03-25,ios
2901799,2026-02-02,ios
2902524,2025-11-16,ios
2902609,2025-09-29,android
2904034,2025-12-23,ios
2903461,2026-03-25,ios
2903233,2026-01-22,ios
2901232,2025-08-26,android
2903390,2026-03-19,android
2902749,2025-12-27,ios
2902206,2025-11-10,ios
2901664,2026-03-07,ios
2901284,2025-08-30,android
2904082,2026-01-01,android
2902354,2026-01-10,android
2904029,2026-02-06,android
2902669,2026-02-15,android
2901839,2026-01-24,android
2903207,2026-02-22,ios
2903901,2026-01-31,ios
2901047,2026-03-02,ios
2903531,2025-09-27,android
2903995,2025-09-25,ios
2902434,2026-02-28,ios
2901752,2026-03-26,ios
2902745,2025-12-06,ios
2901112,2025-11-27,android
2901069,2025-12-04,ios
2902451,2025-07-14,ios
2903573,2026-03-27,ios
2903187,2025-10-17,ios
2901926,2025-10-01,android
2901462,2025-09-04,android
2901600,2026-03-27,ios
2903264,2025-12-06,ios
2903037,2025-12-22,ios
2901273,2026-02-25,ios
2902596,2026-03-06,ios
2903488,2026-02-26,ios
2902793,2025-11-27,android
2901367,2025-10-30,android
2904055,2025-09-14,ios
2903492,2026-03-20,ios
2901545,2025-08-10,ios
2903392,2026-02-14,ios
2902595,2025-09-15,ios
2901748,2025-09-02,android
2902823,2025-09-03,android
2902632,2025-12-01,android
2901513,2025-08-14,ios
2903286,2025-10-09,ios
2903274,2026-02-19,android
2903548,2025-07-31,ios
2903363,2026-03-03,ios
2902441,2026-02-23,android
2901623,2025-08-23,android
2903376,2025-10-16,ios
2903545,2026-03-02,android
2903190,2025-10-18,ios
2902431,2026-03-16,ios
2904027,2026-01-08,android
2901328,2025-11-02,ios
2903612,2025-08-10,android
2903152,2025-12-21,android
2901841,2026-01-12,ios
2903848,2025-12-01,ios
2902156,2025-07-24,ios
2901018,2025-11-21,ios
2903726,2026-01-11,ios
2902177,2025-12-26,ios
2902844,2026-01-03,ios
2902510,2025-08-22,ios
2902251,2026-02-09,ios
2903177,2025-09-24,android
2901019,2026-03-30,android
2902551,2025-12-07,ios
2903480,2025-12-02,ios
2901401,2025-07-28,ios
2903469,2026-03-03,ios
2901377,2026-03-22,android
2903633,2025-10-20,ios
2903695,2026-02-19,ios
2901346,2025-09-02,android
2902338,2025-07-05,ios
2902303,2025-10-16,ios
2903342,2026-02-23,android
2904039,2025-10-16,ios
2901787,2026-03-05,android
2902959,2026-03-02,ios
2901474,2026-01-31,ios
2902477,2026-03-10,ios
2901067,2026-02-18,android
2903967,2026-02-09,ios
2901123,2026-03-16,ios
2902362,2026-02-20,ios
2903076,2026-01-13,ios
2902393,2026-01-15,ios
2901360,2026-01-22,ios
2901529,2026-02-27,ios
2903589,2025-11-29,ios
2903790,2026-03-16,android
2902687,2025-12-27,ios
2901237,2025-10-26,android
2904045,2025-08-24,ios
2903817,2025-10-23,android
2903176,2026-02-28,ios
2902409,2026-03-05,ios
2902565,2025-12-10,ios
2902240,2026-02-20,ios
2902328,2026-03-29,ios
2902106,2025-07-23,ios
2903939,2025-07-21,ios
2902978,2025-08-23,android
2902579,2025-12-28,android
2903161,2026-01-18,ios
2901145,2025-12-01,android
2903988,2026-03-17,android
2903269,2026-01-25,android
2902855,2025-11-06,ios
2902205,2026-03-16,android
2903530,2026-03-15,ios
2903183,2025-11-08,ios
2903784,2026-01-08,android
2902634,2026-01-07,ios
2903329,2025-11-29,ios
2903511,2026-01-06,ios
2904017,2026-03-10,android
2903120,2025-12-23,ios
2901272,2025-08-19,android
2903512,2025-09-03,ios
2901734,2025-09-21,ios
2903592,2025-08-13,ios
2903578,2025-10-14,android
2903154,2025-09-21,ios
2901297,2025-09-09,ios
2903101,2025-11-19,ios
2902048,2025-12-28,ios
2903879,2025-12-05,ios
2903350,2026-01-12,ios
2903149,2026-03-01,ios
2901384,2026-02-28,ios
2903844,2026-01-02,ios
2901357,2025-11-29,android
2901716,2025-10-30,ios
2903761,2025-11-25,android
2902415,2025-09-22,ios
2903672,2025-10-07,android
2903445,2026-02-19,ios
2903016,2025-08-05,ios
2902108,2026-02-20,android
2902946,2026-03-04,android
2903876,2026-02-07,ios
2902093,2026-02-11,ios
2903847,2026-03-03,ios
2901649,2025-09-09,ios
2902355,2026-03-01,ios
2903046,2025-12-26,android
2903433,2025-10-13,ios
2901590,2025-08-22,ios
2902755,2025-08-16,ios
2902736,2026-01-25,ios
2904020,2025-07-24,android
2901855,2026-03-09,android
2901037,2026-03-05,ios
2902144,2025-12-10,android
2901135,2025-11-02,android
2902584,2025-12-27,android
2903052,2026-01-04,ios
2902214,2026-02-09,ios
2901946,2025-07-11,ios
2903175,2025-10-13,ios
2901606,2025-07-07,ios
2903923,2025-10-01,android
2901347,2025-12-31,ios
2902322,2026-02-24,ios
2902995,2025-12-20,ios
2901194,2026-02-14,ios
2901248,2025-12-17,ios
2902856,2025-12-03,ios
2901507,2025-10-17,ios
2903030,2026-03-09,android
2902238,2025-12-11,android
2901394,2025-12-24,android
2902803,2026-02-26,ios
2901863,2026-03-01,ios
2902512,2026-02-28,ios
2901517,2025-11-11,ios
2902221,2025-11-14,ios
2901609,2026-03-21,android
2901223,2025-09-23,ios
2901844,2026-03-22,ios
2903937,2026-03-27,ios
2902756,2025-11-12,ios
2902394,2025-10-07,android
2903904,2026-01-09,android
2901497,2025-08-09,ios
2901964,2025-10-14,ios
2902023,2026-02-14,ios
2902011,2025-10-05,ios
2903484,2025-12-15,android
2901282,2025-07-08,android
2903146,2025-08-24,ios
2902044,2025-10-24,android
2902633,2026-01-05,android
2904035,2025-12-28,android
2903139,2026-03-05,android
2902853,2025-07-19,ios
2901800,2026-03-05,android
2902770,2026-03-18,ios
2902526,2026-03-30,android
2903280,2025-10-10,android
2901710,2026-02-15,android
2903891,2025-08-10,ios
2901819,2025-07-30,ios
2903427,2026-03-17,android
2903466,2026-02-24,ios
2903593,2026-01-12,android
2901414,2026-02-27,ios
2902981,2025-09-15,ios
2901589,2026-02-05,ios
2901867,2026-03-27,ios
2902908,2026-03-27,ios
2902905,2025-10-29,android
2903529,2025-12-08,ios
2904066,2025-12-05,android
2903802,2025-09-03,android
2901798,2025-07-21,android
2901605,2025-12-09,ios
2901847,2025-12-10,ios
2901012,2026-02-07,ios
2902735,2026-01-23,android
2901764,2025-09-09,ios
2903131,2026-01-17,ios
2901088,2025-07-03,ios
2903566,2026-03-13,ios
2901967,2025-11-11,ios
2903579,2025-07-23,ios
2903885,2026-03-01,android
2901425,2026-02-03,ios
2901758,2025-07-15,ios
2901749,2025-12-31,android
2902569,2026-01-19,android
2902667,2025-08-24,ios
2901948,2025-07-25,android
2901397,2025-10-26,ios
2901560,2026-01-16,android
2901305,2025-12-02,ios
2902485,2025-09-16,ios
2901197,2025-08-29,android
2902813,2026-02-03,ios
2901563,2026-03-19,ios
2902378,2025-11-22,ios
2902396,2026-01-17,ios
2903877,2025-08-20,ios
2903682,2026-01-20,ios
2902852,2026-02-28,ios
2902061,2025-08-19,ios
2901682,2025-11-06,ios
2903996,2025-10-03,android
2901354,2026-03-04,ios
2901073,2026-01-26,ios
2903639,2025-07-10,android
2901378,2025-09-23,ios
2901932,2025-09-08,android
2901587,2026-02-28,ios
2901678,2026-03-26,android
2902052,2026-02-28,android
2904068,2025-09-24,android
2902155,2025-09-04,ios
2901876,2025-09-26,android
2901794,2025-11-16,android
2901345,2025-11-20,ios
2902389,2026-01-16,ios
2901411,2026-01-24,ios
2903004,2026-01-05,ios
2903073,2025-09-16,ios
2903082,2025-07-07,ios
2901567,2026-03-19,ios
2902513,2025-12-12,ios
2901353,2026-02-06,ios
2901404,2025-08-07,ios
2902744,2025-07-22,ios
2903506,2026-03-13,android
2903840,2025-08-11,ios
2903732,2026-03-20,android
2902471,2025-10-27,android
2901198,2025-11-10,ios
2901104,2026-03-26,ios
2901358,2026-02-01,android
2903787,2026-01-11,android
2902185,2025-11-04,ios
2903153,2026-02-24,ios
2903838,2026-03-09,android
2902406,2026-03-15,ios
2902263,2026-03-28,ios
2902751,2025-10-13,ios
2903679,2025-07-05,android
2901209,2025-07-08,ios
2901565,2026-01-01,ios
2902462,2025-08-02,ios
2902382,2025-12-17,android
2903522,2026-03-27,android
2901222,2025-08-14,ios
2903722,2026-03-12,android
2902114,2025-09-07,android
2903039,2026-03-01,ios
2903345,2025-11-06,android
2903297,2025-07-14,android
2902828,2026-02-13,ios
2902157,2026-03-05,ios
2901703,2026-03-21,ios
2903534,2025-07-09,ios
2903864,2025-09-11,android
2901332,2025-11-29,ios
2902339,2025-08-21,ios
2901022,2026-01-08,ios
2902916,2026-03-15,ios
2903203,2026-02-21,ios
2902541,2025-11-07,ios
2902533,2026-03-04,android
2903990,2026-01-15,android
2903435,2025-11-09,android
2902500,2026-03-08,ios
2901046,2026-03-30,ios
2903661,2026-03-08,android
2903001,2026-03-06,android
2902203,2026-03-28,ios
2901745,2026-01-28,ios
2903738,2026-03-09,ios
2902104,2025-07-12,ios
2902616,2025-12-25,android
2901994,2026-02-25,ios
2903110,2025-07-02,ios
2903487,2025-08-18,android
2902668,2026-02-25,android
2903315,2025-10-18,ios
2901552,2026-02-20,ios
2903649,2025-11-15,ios
2901898,2026-03-20,android
2902455,2026-01-19,ios
2903375,2025-08-04,ios
2903721,2025-07-05,ios
2902592,2025-09-10,ios
2902654,2025-09-19,ios
2903324,2025-07-31,android
2902475,2026-02-25,android
2902673,2026-01-20,ios
2901982,2025-07-01,ios
2903698,2026-03-02,android
2901912,2026-01-26,android
2902239,2026-03-06,ios
2903736,2025-09-16,ios
2903133,2025-10-06,android
2901696,2026-03-03,ios
2902520,2025-12-11,android
2903408,2026-02-07,android
2901334,2025-07-11,ios
2901870,2026-03-15,ios
2901707,2025-07-26,ios
2903237,2026-01-29,ios
2901138,2025-10-06,ios
2901928,2026-02-28,android
2902116,2026-03-22,ios
2902495,2025-11-11,ios
2902012,2025-08-08,android
2901246,2025-08-17,ios
2901979,2025-07-28,ios
2902166,2026-03-08,android
2903065,2025-08-11,ios
2902630,2025-08-19,ios
2901074,2025-08-28,android
2901042,2025-09-22,ios
2901146,2026-03-02,ios
2902390,2025-11-14,ios
2903405,2026-02-12,ios
2901190,2026-02-01,android
2903733,2026-03-22,ios
2902341,2026-01-07,android
2901363,2025-09-24,android
2903373,2026-01-04,ios
2901965,2026-02-08,ios
2902313,2025-07-23,android
2901753,2026-02-20,ios
2901393,2025-12-13,ios
2902422,2026-01-27,ios
2903159,2026-01-02,ios
2901033,2026-02-07,android
2901851,2026-03-13,ios
2901793,2025-11-29,android
2903213,2026-01-14,ios
2901356,2025-08-14,android
2902002,2026-01-03,android
2903270,2026-03-09,ios
2901890,2025-10-28,android
2902257,2026-03-14,android
2903085,2026-02-21,android
2904056,2026-01-20,ios
2901950,2026-03-02,android
2903872,2025-08-24,ios
2902890,2025-09-21,android
2901106,2026-02-20,ios
2901641,2026-02-16,android
2902190,2026-03-23,ios
2902752,2025-12-04,ios
2902700,2025-10-04,android
2902831,2025-11-11,android
2902775,2025-11-11,ios
2901561,2025-07-01,ios
2903556,2026-01-18,ios
