"player_id","purchase_datetime","asset_id","purchase_quantity"
2902760,2025-10-27 03:23:00.000,988,1
2903988,2026-03-29 09:19:00.000,133,30
2901317,2026-01-26 19:25:00.000,988,1
2903194,2026-02-27 22:27:00.000,989,50
2902041,2025-11-24 07:51:00.000,988,4
2903975,2026-01-18 23:14:00.000,133,20
2901428,2025-10-31 21:46:00.000,97,200
2902952,2026-01-18 02:47:00.000,989,50
2903657,2026-03-31 23:07:00.000,146,50
2902987,2025-08-25 05:57:00.000,146,50
2903098,2025-12-01 07:00:00.000,146,25
2903150,2025-09-26 04:13:00.000,97,200
2903715,2026-03-28 00:39:00.000,133,20
2903770,2025-12-25 00:25:00.000,133,30
2902879,2025-11-10 19:04:00.000,1000,1
2902399,2026-02-01 09:32:00.000,133,10
2902444,2025-10-18 19:51:00.000,989,25
2903112,2025-07-12 12:33:00.000,97,600
2902459,2025-11-16 10:35:00.000,988,3
2901751,2026-03-12 23:38:00.000,2003,1
2903884,2026-01-10 08:51:00.000,1001,1
2903128,2025-09-15 08:20:00.000,133,20
2902690,2025-09-16 16:51:00.000,133,30
2902871,2025-12-20 12:20:00.000,99,100
2903737,2025-07-30 08:09:00.000,97,200
2904030,2026-01-17 10:10:00.000,97,100
2903745,2026-03-23 21:10:00.000,2001,2
2902120,2025-08-22 01:16:00.000,98,200
2902869,2026-03-18 12:27:00.000,989,50
2901480,2025-12-19 23:22:00.000,146,25
2901810,2025-09-02 00:39:00.000,988,5
2902358,2025-09-21 04:46:00.000,133,50
2904003,2026-03-14 05:10:00.000,146,25
2901293,2026-04-02 08:58:00.000,133,20
2902627,2025-09-06 10:50:00.000,98,200
2901416,2025-07-07 10:07:00.000,989,150
2901656,2026-02-16 09:28:00.000,98,200
2901784,2026-03-19 06:31:00.000,146,25
2902605,2025-11-04 05:21:00.000,2002,1
2903253,2025-11-10 15:07:00.000,133,20
2903698,2026-03-07 03:58:00.000,133,20
2902355,2026-03-06 03:47:00.000,133,20
2902473,2026-03-11 20:23:00.000,2002,1
2901678,2026-04-03 18:43:00.000,99,200
2903196,2026-02-14 10:08:00.000,2002,1
2901526,2026-03-11 23:23:00.000,989,25
2903936,2026-03-09 05:59:00.000,989,100
2903887,2025-09-11 11:11:00.000,989,100
2902589,2026-03-21 22:49:00.000,133,30
2903177,2025-10-13 19:13:00.000,133,30
2901195,2026-03-16 10:45:00.000,146,25
2903696,2025-12-16 14:08:00.000,133,30
2903011,2025-11-04 11:13:00.000,989,100
2901173,2025-12-28 11:33:00.000,99,200
2901388,2025-11-16 14:37:00.000,133,20
2903308,2025-11-10 15:53:00.000,989,25
2902047,2025-11-20 23:45:00.000,2001,2
2901379,2026-04-03 11:43:00.000,2003,1
2903697,2026-01-29 12:33:00.000,988,1
2902671,2025-08-25 15:44:00.000,2002,1
2901902,2025-08-25 01:30:00.000,146,25
2901952,2026-02-17 17:33:00.000,133,10
2903348,2025-07-07 06:15:00.000,133,30
2903261,2025-08-15 08:46:00.000,1000,1
2903149,2026-03-25 03:56:00.000,97,200
2902841,2026-03-16 14:59:00.000,133,20
2902171,2026-03-21 10:36:00.000,133,10
2901123,2026-03-24 22:45:00.000,1002,1
2902502,2025-11-09 12:32:00.000,133,30
2901718,2025-08-27 04:31:00.000,989,100
2903552,2025-11-20 21:30:00.000,99,300
2902305,2026-03-07 23:01:00.000,989,25
2901094,2026-02-07 20:57:00.000,146,25
2901756,2025-12-02 20:36:00.000,2002,1
2904008,2025-12-08 15:37:00.000,146,50
2903100,2025-11-08 01:39:00.000,2001,5
2901034,2025-08-16 11:37:00.000,146,25
2903226,2026-04-01 06:56:00.000,133,10
2904043,2025-12-22 04:42:00.000,133,30
2903618,2025-12-26 01:08:00.000,988,3
2901666,2025-10-10 10:09:00.000,133,20
2903748,2026-02-21 18:11:00.000,1001,1
2902129,2025-10-30 02:10:00.000,133,30
2901645,2026-02-21 18:17:00.000,2001,3
2901667,2026-03-10 00:35:00.000,146,25
2901340,2025-12-30 17:41:00.000,133,20
2903908,2026-01-30 17:37:00.000,989,25
2903501,2026-03-30 13:36:00.000,989,100
2902513,2025-12-31 20:42:00.000,133,30
2901186,2026-03-30 03:21:00.000,99,400
2901252,2026-02-04 11:13:00.000,146,50
2901586,2026-01-07 10:37:00.000,146,25
2903441,2025-08-27 07:03:00.000,1002,1
2901451,2025-10-14 07:03:00.000,99,100
2901035,2026-01-01 22:49:00.000,97,200
2902045,2026-03-27 01:59:00.000,133,10
2903577,2026-04-12 04:18:00.000,98,100
2901865,2026-01-11 18:20:00.000,1003,1
2902885,2026-01-09 22:05:00.000,133,20
2903985,2026-03-29 07:28:00.000,99,300
2903097,2025-07-16 03:40:00.000,98,300
2903692,2026-03-17 18:59:00.000,99,400
2903524,2026-04-22 17:33:00.000,133,30
2902450,2025-08-13 12:56:00.000,989,50
2903859,2026-04-11 09:12:00.000,989,25
2902903,2026-03-16 23:16:00.000,133,40
2904063,2025-10-25 23:30:00.000,988,1
2902746,2026-04-01 13:08:00.000,988,1
2903206,2025-11-12 23:13:00.000,2001,3
2902548,2026-04-04 16:46:00.000,133,30
2902204,2025-10-15 06:14:00.000,2003,1
2901390,2026-01-07 18:28:00.000,99,300
2904034,2026-01-13 01:08:00.000,2001,2
2901663,2026-01-12 16:03:00.000,133,10
2902177,2026-01-15 20:58:00.000,97,200
2901335,2026-04-01 15:48:00.000,99,400
2902829,2025-12-11 23:18:00.000,97,200
2901324,2026-01-07 07:57:00.000,989,25
2902470,2026-04-10 11:53:00.000,133,20
2903729,2026-03-17 07:44:00.000,146,50
2902977,2025-12-10 20:53:00.000,99,200
2901384,2026-03-06 01:54:00.000,133,20
2902538,2025-10-22 01:57:00.000,98,400
2903576,2025-11-02 16:53:00.000,2002,1
2901230,2026-02-23 08:45:00.000,133,10
2901027,2026-01-30 20:33:00.000,989,25
2901742,2025-09-04 00:21:00.000,99,100
2902828,2026-03-13 23:27:00.000,133,10
2903232,2025-10-17 02:55:00.000,133,20
2902599,2025-10-15 05:08:00.000,989,100
2901224,2026-02-22 10:16:00.000,98,200
2903527,2025-08-29 18:20:00.000,133,30
2903860,2025-07-15 00:00:00.000,146,25
2901236,2025-08-04 14:13:00.000,146,50
2901552,2026-03-14 09:27:00.000,98,300
2903758,2026-03-21 08:31:00.000,133,20
2902183,2025-09-27 21:30:00.000,989,100
2904045,2025-08-25 14:14:00.000,989,100
2902581,2025-10-19 15:51:00.000,133,50
2902271,2026-02-14 12:23:00.000,2001,2
2903008,2026-02-08 18:15:00.000,133,20
2902991,2026-01-23 21:59:00.000,2003,1
2903430,2025-09-08 10:27:00.000,146,50
2902670,2026-03-15 23:52:00.000,989,100
2901380,2026-02-19 23:34:00.000,2001,1
2903331,2025-09-04 22:05:00.000,146,25
2902737,2025-08-06 13:11:00.000,988,4
2901888,2026-03-22 22:55:00.000,133,30
2902541,2025-12-08 22:05:00.000,146,50
2902776,2025-08-31 20:11:00.000,988,3
2901443,2026-03-20 02:02:00.000,2002,1
2901397,2025-11-20 23:19:00.000,146,25
2902639,2026-04-09 21:36:00.000,146,75
2902569,2026-02-08 13:28:00.000,1003,1
2903966,2025-09-04 02:18:00.000,133,30
2903633,2025-10-21 15:12:00.000,99,200
2902546,2026-04-19 17:45:00.000,133,30
2902113,2025-08-12 12:27:00.000,988,1
2904051,2025-10-10 04:39:00.000,988,1
2902151,2026-03-26 03:53:00.000,989,50
2902086,2025-07-26 16:15:00.000,2003,1
2902002,2026-01-29 17:05:00.000,1001,1
2901486,2025-08-27 23:23:00.000,146,50
2902288,2025-12-26 01:19:00.000,2001,2
2903944,2026-03-08 07:36:00.000,133,20
2902213,2026-02-03 21:51:00.000,988,2
2901537,2026-01-26 07:45:00.000,99,700
2901914,2026-04-02 02:46:00.000,133,40
2901955,2025-11-03 17:51:00.000,2002,1
2902946,2026-03-09 15:21:00.000,1001,2
2901643,2026-04-14 04:02:00.000,133,20
2901993,2026-01-19 02:53:00.000,146,25
2902343,2025-08-04 12:17:00.000,989,100
2902570,2026-02-10 13:58:00.000,989,75
2902718,2025-07-29 08:10:00.000,133,30
2902278,2026-04-02 10:51:00.000,97,200
2903510,2025-08-15 08:52:00.000,133,30
2903222,2026-02-06 09:22:00.000,97,200
2902331,2026-03-01 20:47:00.000,988,4
2901664,2026-03-21 20:08:00.000,989,100
2901106,2026-02-22 07:29:00.000,988,2
2901818,2026-02-01 18:35:00.000,2001,2
2902965,2025-07-14 17:49:00.000,97,300
2903519,2026-04-08 03:01:00.000,2001,2
2903074,2026-02-21 12:00:00.000,146,25
2903587,2026-02-06 09:07:00.000,146,50
2903486,2026-03-03 11:35:00.000,989,25
2903101,2025-11-20 20:00:00.000,146,25
2903019,2026-03-26 11:28:00.000,133,10
2901180,2026-01-06 00:07:00.000,988,1
2902042,2025-08-11 12:33:00.000,146,100
2902532,2026-01-13 04:20:00.000,989,75
2902322,2026-03-10 19:58:00.000,99,300
2902822,2025-11-25 21:35:00.000,133,30
2901572,2025-10-25 04:08:00.000,2002,1
2902927,2025-07-17 23:59:00.000,2003,1
2902611,2025-11-03 10:05:00.000,1003,1
2901085,2026-01-26 11:46:00.000,133,30
2901703,2026-03-29 13:39:00.000,133,20
2902797,2025-08-19 10:51:00.000,146,50
2901829,2025-09-28 18:20:00.000,99,500
2903815,2026-03-01 04:21:00.000,1002,2
2903056,2026-03-29 04:12:00.000,2001,3
2903751,2026-01-26 05:57:00.000,99,200
2903929,2026-03-15 12:17:00.000,989,50
2901467,2026-01-05 13:54:00.000,1003,1
2902428,2026-03-14 23:45:00.000,988,2
2901057,2026-02-16 01:23:00.000,2003,1
2901077,2026-01-18 15:22:00.000,133,10
2901370,2026-03-27 21:25:00.000,133,10
2903506,2026-04-09 08:57:00.000,133,10
2902897,2026-01-20 02:21:00.000,146,25
2903391,2026-04-09 07:04:00.000,2001,3
2903186,2025-09-01 21:03:00.000,133,30
2901605,2026-01-24 10:26:00.000,989,75
2903726,2026-01-29 20:06:00.000,133,10
2903167,2026-02-24 06:43:00.000,988,2
2902649,2025-08-09 23:18:00.000,133,30
2901530,2025-09-08 16:00:00.000,99,300
2901332,2026-01-01 14:08:00.000,989,100
2901265,2026-03-22 13:32:00.000,146,25
2901263,2026-02-22 06:11:00.000,2001,1
2903733,2026-03-27 02:12:00.000,133,30
2903293,2025-10-01 11:12:00.000,989,75
2902066,2026-04-03 06:23:00.000,2002,1
2903332,2026-02-09 22:30:00.000,146,50
2903800,2026-04-10 06:00:00.000,133,60
2901151,2025-11-24 00:34:00.000,133,20
2902309,2026-04-07 23:48:00.000,133,20
2901691,2025-09-06 09:00:00.000,989,50
2902628,2025-11-13 23:05:00.000,1000,1
2902503,2025-08-11 08:11:00.000,133,50
2902708,2026-04-09 12:07:00.000,988,1
2901862,2026-03-06 20:43:00.000,133,30
2901492,2025-11-06 23:56:00.000,133,30
2903938,2026-04-16 09:42:00.000,133,10
2901548,2026-03-29 13:46:00.000,2001,2
2901367,2025-11-19 18:03:00.000,146,25
2903277,2025-11-13 19:43:00.000,989,50
2901769,2026-03-05 08:38:00.000,989,25
2903106,2025-08-13 17:18:00.000,133,30
2901983,2026-04-01 07:53:00.000,133,20
2901739,2026-03-28 03:32:00.000,133,30
2904009,2026-01-18 03:31:00.000,1000,1
2902118,2026-01-01 08:06:00.000,989,100
2901627,2026-02-24 19:24:00.000,133,20
2903602,2026-02-26 03:19:00.000,97,200
2903269,2026-02-23 10:54:00.000,2002,1
2902941,2026-03-23 12:52:00.000,133,10
2902395,2026-03-19 02:20:00.000,988,1
2901736,2026-01-10 11:31:00.000,133,30
2903580,2025-09-22 04:15:00.000,1000,1
2902761,2026-03-21 20:44:00.000,133,20
2904065,2026-04-07 17:03:00.000,133,60
2901499,2025-08-10 12:50:00.000,2002,1
2901883,2026-01-10 14:34:00.000,99,200
2901415,2025-08-17 09:50:00.000,2001,1
2903643,2026-03-30 13:56:00.000,133,20
2903805,2026-01-21 08:10:00.000,98,200
2903169,2026-04-10 06:41:00.000,98,200
2902645,2026-04-07 08:17:00.000,97,200
2902249,2026-04-11 04:41:00.000,989,100
2901864,2026-03-08 05:01:00.000,2003,1
2902806,2026-04-13 11:17:00.000,133,10
2902820,2026-03-27 04:48:00.000,146,25
2901407,2025-10-27 05:20:00.000,989,25
2903451,2026-04-17 18:18:00.000,99,100
2902568,2025-08-14 12:34:00.000,99,200
2901915,2026-03-14 16:56:00.000,989,75
2904022,2025-07-12 06:36:00.000,2001,5
2902140,2026-03-06 14:39:00.000,1000,3
2903375,2025-08-27 17:03:00.000,1001,2
2901783,2025-09-22 04:43:00.000,989,100
2903227,2025-10-18 18:58:00.000,99,100
2902919,2026-04-02 01:20:00.000,989,25
2902931,2026-02-24 03:19:00.000,98,300
2903230,2025-08-16 08:00:00.000,1000,1
2904086,2026-02-18 06:29:00.000,989,75
2901481,2026-03-26 18:11:00.000,133,50
2903257,2025-12-22 13:15:00.000,133,20
2901556,2026-03-10 20:12:00.000,988,3
2903052,2026-02-03 16:32:00.000,133,20
2903743,2025-08-19 11:09:00.000,133,30
2901086,2025-09-08 05:09:00.000,146,25
2902458,2026-01-11 15:41:00.000,2001,1
2902221,2025-11-22 17:01:00.000,99,300
2902490,2026-01-12 01:38:00.000,1003,1
2902667,2025-09-14 17:12:00.000,133,30
2901364,2025-12-20 08:14:00.000,988,2
2903189,2026-01-05 19:47:00.000,133,30
2903432,2025-12-18 07:53:00.000,146,100
2902360,2025-11-17 19:50:00.000,1001,1
2901061,2026-03-20 18:55:00.000,989,100
2901878,2025-09-11 21:00:00.000,146,25
2901031,2026-01-15 15:15:00.000,989,50
2903977,2025-11-14 16:22:00.000,2003,1
2901365,2025-10-26 17:12:00.000,1000,1
2901581,2025-12-22 03:31:00.000,989,50
2902181,2025-12-20 11:09:00.000,133,20
2902848,2026-03-14 05:21:00.000,133,20
2901089,2026-01-03 14:27:00.000,133,20
2903498,2025-11-24 03:08:00.000,989,25
2901719,2026-03-27 16:01:00.000,133,20
2902999,2025-09-09 03:05:00.000,989,50
2902049,2026-03-17 14:22:00.000,133,20
2902534,2025-11-04 05:26:00.000,146,50
2903265,2025-08-01 08:01:00.000,133,50
2903624,2026-04-08 07:59:00.000,97,200
2901881,2026-03-31 01:39:00.000,988,4
2903115,2025-08-22 06:42:00.000,133,30
2903631,2025-09-06 19:59:00.000,146,25
2903415,2026-02-06 09:18:00.000,98,200
2902673,2026-01-23 08:21:00.000,133,20
2903588,2026-04-21 21:19:00.000,97,200
2903329,2025-12-20 11:03:00.000,133,20
2902617,2026-02-23 00:59:00.000,1002,1
2902654,2025-09-23 21:02:00.000,133,30
2902126,2025-11-03 16:42:00.000,97,200
2903047,2026-04-10 12:42:00.000,146,75
2903762,2025-12-01 23:48:00.000,2001,1
2901308,2026-03-19 00:52:00.000,2003,1
2903537,2026-01-02 13:12:00.000,99,100
2901132,2026-03-22 06:15:00.000,146,50
2901080,2026-03-12 12:59:00.000,146,25
2903049,2025-11-20 08:20:00.000,988,1
2901101,2025-11-18 16:34:00.000,989,100
2903640,2026-03-05 11:27:00.000,989,100
2903354,2025-10-06 22:11:00.000,133,30
2902808,2025-09-07 08:19:00.000,99,300
2901565,2026-01-28 03:44:00.000,133,10
2901566,2025-08-17 08:37:00.000,133,30
2901676,2025-11-21 16:16:00.000,146,50
2901145,2025-12-25 03:45:00.000,133,30
2903774,2025-10-05 00:53:00.000,989,75
2903266,2025-07-09 08:12:00.000,133,30
2903864,2025-09-30 08:26:00.000,989,100
2901429,2026-03-03 13:51:00.000,133,10
2902261,2026-03-08 21:05:00.000,1000,3
2902875,2026-03-16 22:30:00.000,133,30
2903383,2025-08-28 06:21:00.000,988,1
2902888,2026-04-17 03:07:00.000,988,2
2902436,2026-01-20 16:50:00.000,988,2
2901781,2026-04-25 00:02:00.000,133,10
2902738,2025-07-28 16:16:00.000,2002,1
2902526,2026-04-07 18:57:00.000,133,10
2901517,2025-12-27 05:59:00.000,133,30
2903982,2025-12-13 10:10:00.000,1003,1
2903661,2026-03-24 23:21:00.000,2001,1
2903781,2025-09-13 23:04:00.000,97,400
2901417,2026-04-06 08:01:00.000,146,25
2901029,2026-03-05 12:56:00.000,988,2
2903960,2025-08-03 05:19:00.000,133,20
2901559,2026-02-26 10:05:00.000,989,25
2901728,2026-03-16 15:16:00.000,99,100
2901399,2026-03-29 21:28:00.000,989,100
2902998,2025-08-31 14:12:00.000,133,50
2901105,2025-10-19 01:07:00.000,133,50
2901653,2025-07-24 10:18:00.000,146,25
2901036,2025-10-31 05:03:00.000,2002,1
2903734,2025-09-12 10:18:00.000,133,50
2902735,2026-01-27 16:48:00.000,146,75
2903500,2025-11-12 03:41:00.000,133,30
2902562,2026-01-21 03:59:00.000,2003,1
2902314,2026-02-19 06:13:00.000,988,2
2903259,2026-02-11 20:09:00.000,133,20
2904062,2026-01-29 09:39:00.000,97,200
2903821,2025-12-23 07:48:00.000,989,100
2902474,2025-08-15 10:06:00.000,133,30
2903411,2026-03-04 01:10:00.000,99,400
2902694,2025-08-02 14:08:00.000,133,30
2903825,2025-07-27 08:42:00.000,146,25
2902236,2026-04-05 10:27:00.000,146,50
2904011,2026-03-06 17:21:00.000,133,30
2903144,2026-04-05 19:12:00.000,2002,1
2904004,2025-11-10 12:29:00.000,989,50
2903551,2026-01-28 01:50:00.000,133,20
2902295,2026-02-25 19:00:00.000,989,25
2901946,2025-07-21 11:30:00.000,133,30
2903732,2026-03-22 01:07:00.000,989,100
2901333,2026-02-09 02:52:00.000,133,20
2902353,2026-03-10 02:40:00.000,99,100
2902004,2026-01-14 04:26:00.000,2001,1
2903041,2026-02-24 20:51:00.000,133,30
2903274,2026-02-21 06:46:00.000,133,10
2902073,2026-04-11 01:24:00.000,988,2
2903063,2026-04-07 08:07:00.000,1001,1
2903429,2026-01-08 06:11:00.000,133,20
2901681,2026-04-16 12:32:00.000,988,3
2903286,2025-10-31 08:31:00.000,146,50
2902928,2026-02-02 18:25:00.000,2002,1
2904078,2025-07-22 03:43:00.000,988,4
2901866,2026-01-07 23:09:00.000,146,25
2903976,2026-03-09 15:34:00.000,133,10
2902600,2026-03-27 00:04:00.000,988,2
2903955,2025-10-12 01:40:00.000,1003,1
2902362,2026-02-21 19:12:00.000,133,30
2903371,2026-02-25 12:47:00.000,988,4
2902727,2025-07-12 07:14:00.000,133,30
2903248,2025-11-04 08:50:00.000,99,200
2902414,2025-09-22 13:52:00.000,989,50
2903948,2026-02-22 15:23:00.000,97,200
2902445,2025-08-16 01:36:00.000,99,200
2903999,2025-09-26 04:03:00.000,133,30
2902925,2025-12-14 04:48:00.000,133,30
2903442,2026-04-17 02:03:00.000,99,200
2902209,2026-02-14 06:40:00.000,133,20
2901355,2025-09-14 06:15:00.000,1003,1
2903340,2025-09-15 20:21:00.000,99,200
2901117,2025-12-06 08:33:00.000,1001,1
2902795,2026-03-27 21:23:00.000,97,200
2902194,2025-09-18 09:31:00.000,1000,1
2903513,2026-02-25 02:24:00.000,988,2
2902752,2025-12-06 09:25:00.000,133,20
2902122,2025-12-23 01:12:00.000,989,25
2903201,2026-03-15 16:58:00.000,133,20
2903652,2025-08-07 12:30:00.000,133,50
2901701,2026-03-15 02:49:00.000,97,200
2903744,2025-11-14 02:19:00.000,99,600
2902404,2026-02-26 23:15:00.000,133,20
2902269,2026-04-09 20:27:00.000,146,25
2901503,2025-11-08 05:30:00.000,133,50
2902397,2026-02-17 12:05:00.000,989,50
2901032,2026-03-09 14:02:00.000,146,75
2902216,2026-03-21 13:04:00.000,989,100
2902680,2026-02-08 21:11:00.000,99,100
2902043,2025-11-12 09:49:00.000,99,300
2903546,2026-01-17 01:05:00.000,133,10
2902884,2025-11-18 21:39:00.000,989,100
2902918,2025-10-03 20:45:00.000,133,30
2901991,2025-08-28 10:37:00.000,146,50
2904037,2025-10-08 18:18:00.000,989,75
2902429,2026-04-05 17:20:00.000,1001,1
2902924,2026-03-11 10:54:00.000,989,100
2901194,2026-02-24 02:12:00.000,98,200
2901910,2026-03-16 13:48:00.000,133,30
2903204,2026-03-16 20:25:00.000,988,3
2903183,2025-11-29 14:14:00.000,989,50
2901939,2026-02-20 08:23:00.000,146,25
2903345,2025-11-12 00:20:00.000,133,30
2901228,2026-03-22 18:26:00.000,1000,2
2903925,2025-12-26 13:26:00.000,99,400
2901192,2026-03-27 15:26:00.000,133,10
2902491,2026-01-31 02:13:00.000,2002,1
2901654,2026-03-09 05:38:00.000,133,30
2903928,2026-04-04 15:27:00.000,133,20
2901744,2025-12-24 18:01:00.000,133,30
2901764,2025-09-12 18:08:00.000,133,30
2901577,2026-03-16 14:57:00.000,97,200
2901963,2025-08-22 01:10:00.000,2002,2
2903327,2025-12-27 12:37:00.000,98,100
2903583,2026-02-14 10:02:00.000,1003,1
2902643,2025-10-19 10:50:00.000,988,5
2903747,2026-02-04 06:16:00.000,98,300
2904053,2025-10-07 09:07:00.000,146,25
2902413,2025-12-30 05:19:00.000,133,30
2902341,2026-01-30 12:10:00.000,133,30
2901268,2026-03-31 13:54:00.000,133,20
2902572,2025-09-18 13:40:00.000,988,1
2901128,2026-02-10 14:42:00.000,133,10
2901474,2026-02-28 19:47:00.000,989,75
2903702,2025-07-26 17:39:00.000,97,100
2903858,2026-02-16 07:49:00.000,133,10
2903276,2026-03-31 19:52:00.000,133,30
2901830,2026-02-16 00:03:00.000,99,200
2903455,2026-01-03 10:05:00.000,133,30
2901555,2025-07-28 06:54:00.000,133,30
2902853,2025-08-08 12:23:00.000,988,1
2901167,2025-11-18 00:23:00.000,133,30
2903532,2026-02-24 02:36:00.000,989,50
2902326,2025-12-13 04:57:00.000,133,50
2902369,2025-11-29 04:53:00.000,133,30
2901256,2026-03-26 15:11:00.000,146,25
2904087,2026-04-10 05:41:00.000,2001,1
2901738,2025-08-29 17:54:00.000,133,30
2901908,2026-02-23 14:04:00.000,2001,2
2903919,2025-07-22 06:29:00.000,98,200
2903418,2026-03-30 16:18:00.000,133,20
2902190,2026-03-30 09:42:00.000,988,2
2901111,2026-03-23 01:55:00.000,133,40
2901913,2025-10-11 11:40:00.000,133,30
2902563,2026-02-03 16:12:00.000,133,20
2903610,2026-04-22 13:14:00.000,146,25
2901250,2026-02-18 21:35:00.000,2002,1
2901498,2025-08-01 22:23:00.000,133,30
2901472,2025-09-25 15:21:00.000,133,30
2901843,2026-04-10 16:16:00.000,146,25
2902329,2026-01-24 08:10:00.000,133,30
2903300,2026-01-03 20:24:00.000,146,50
2903998,2026-04-08 20:00:00.000,1003,1
2901153,2025-10-07 06:07:00.000,133,30
2902638,2026-01-04 02:03:00.000,988,4
2903836,2025-11-30 03:00:00.000,133,30
2903107,2026-02-24 23:54:00.000,989,25
2902959,2026-03-21 03:16:00.000,146,25
2903795,2025-07-26 10:12:00.000,99,200
2903380,2025-10-25 18:36:00.000,133,30
2902023,2026-02-28 04:20:00.000,133,10
2903921,2026-03-24 01:01:00.000,97,300
2902447,2025-10-26 12:22:00.000,2002,1
2901475,2025-08-01 12:36:00.000,146,25
2903791,2026-01-31 11:54:00.000,2003,1
2902143,2025-09-17 06:27:00.000,1001,2
2903648,2026-03-25 05:30:00.000,133,10
2903735,2025-12-19 19:28:00.000,133,30
2902914,2025-10-18 16:33:00.000,133,30
2901871,2025-09-08 20:26:00.000,988,1
2903754,2026-03-26 03:11:00.000,133,30
2901150,2026-03-15 01:15:00.000,133,10
2901033,2026-02-17 06:33:00.000,133,20
2901297,2025-09-22 07:49:00.000,988,2
2901494,2026-02-06 13:27:00.000,2003,1
2904013,2026-03-31 05:21:00.000,146,100
2903654,2025-11-06 07:36:00.000,2001,1
2903366,2026-03-07 09:40:00.000,988,1
2902109,2026-04-16 18:51:00.000,1001,1
2902878,2025-12-05 18:54:00.000,989,50
2901504,2025-11-02 18:25:00.000,146,25
2902686,2025-09-24 15:17:00.000,989,50
2901053,2026-04-08 16:28:00.000,2001,2
2901731,2025-10-04 03:37:00.000,133,20
2901287,2026-02-24 14:26:00.000,988,2
2902973,2026-02-23 07:38:00.000,989,25
2901826,2025-08-09 14:21:00.000,133,30
2901376,2025-11-08 09:55:00.000,989,100
2902915,2025-07-08 07:32:00.000,2002,2
2901133,2025-09-25 14:01:00.000,99,200
2903084,2026-03-30 00:21:00.000,2001,4
2902416,2025-11-13 18:57:00.000,133,30
2901765,2026-01-07 11:25:00.000,146,25
2904066,2026-01-02 07:12:00.000,1003,1
2901371,2026-03-06 04:20:00.000,133,30
2903996,2025-10-23 06:44:00.000,2002,1
2902751,2025-11-09 15:06:00.000,1003,1
2902139,2025-07-26 13:59:00.000,1003,1
2901515,2026-01-24 06:41:00.000,133,20
2901729,2025-07-11 18:48:00.000,2002,1
2903413,2026-01-29 00:01:00.000,133,10
2901613,2025-11-22 08:31:00.000,988,1
2902494,2026-04-22 03:16:00.000,99,200
2901822,2026-01-15 14:22:00.000,1003,1
2903473,2025-10-20 21:24:00.000,133,30
2903083,2026-01-13 03:01:00.000,988,2
2902091,2026-03-29 18:15:00.000,133,20
2902728,2026-01-30 09:04:00.000,133,20
2902342,2025-10-07 02:12:00.000,97,200
2903138,2025-10-25 19:40:00.000,133,30
2901373,2026-03-30 08:06:00.000,133,30
2901285,2026-03-05 17:41:00.000,133,20
2903794,2026-04-03 06:23:00.000,133,10
2903131,2026-01-24 05:37:00.000,989,25
2903841,2025-08-18 11:22:00.000,2001,2
2901986,2026-03-18 14:08:00.000,1000,3
2902420,2026-03-22 23:34:00.000,146,50
2903870,2025-11-22 04:45:00.000,2003,1
2903650,2026-01-31 18:43:00.000,133,10
2902370,2025-08-08 11:58:00.000,133,30
2902593,2025-11-04 14:03:00.000,133,30
2902658,2026-04-22 10:08:00.000,989,25
2903802,2025-09-28 17:42:00.000,989,25
2901623,2025-09-15 12:59:00.000,989,75
2903956,2026-01-23 12:57:00.000,97,100
2903242,2025-09-07 17:25:00.000,133,20
2903039,2026-03-13 11:55:00.000,989,50
2903688,2026-02-18 09:35:00.000,146,25
2901648,2025-09-09 04:15:00.000,133,30
2901161,2026-01-11 23:22:00.000,133,20
2901462,2025-09-11 01:35:00.000,133,20
2904052,2026-01-28 19:46:00.000,1003,1
2902594,2025-12-23 21:03:00.000,133,30
2902558,2025-10-01 23:36:00.000,2001,5
2901452,2025-12-26 05:06:00.000,97,200
2902542,2026-02-26 11:37:00.000,97,700
2902584,2026-01-21 13:33:00.000,2001,5
2903271,2025-11-12 04:07:00.000,988,2
2902507,2026-03-31 23:33:00.000,989,75
2902922,2026-03-10 14:57:00.000,989,25
2903511,2026-01-27 20:41:00.000,98,200
2902169,2025-07-30 18:14:00.000,146,25
2903720,2026-03-09 02:06:00.000,133,20
2902872,2025-08-23 14:26:00.000,133,20
2902348,2026-03-13 15:01:00.000,146,50
2901188,2025-08-01 18:28:00.000,2001,2
2902817,2025-09-21 10:01:00.000,133,60
2902454,2026-03-28 15:44:00.000,133,40
2901943,2025-09-21 21:44:00.000,146,75
2902001,2026-03-21 22:56:00.000,133,10
2902763,2025-09-12 22:40:00.000,133,20
2901837,2026-02-24 23:11:00.000,146,25
2902540,2026-03-10 14:42:00.000,133,20
2903861,2026-04-13 19:35:00.000,146,25
2902354,2026-02-01 22:37:00.000,133,10
2901967,2025-11-17 18:16:00.000,133,30
2903699,2025-08-23 04:09:00.000,133,30
2902077,2026-03-23 16:03:00.000,133,50
2901647,2026-01-31 19:32:00.000,133,20
2903137,2025-09-09 21:14:00.000,133,30
2903725,2026-03-16 02:19:00.000,133,20
2903567,2025-12-12 19:17:00.000,2001,1
2902226,2026-03-04 11:47:00.000,133,30
2902068,2026-04-15 13:59:00.000,989,50
2901232,2025-09-15 19:43:00.000,133,30
2901233,2025-12-02 14:04:00.000,133,30
2903694,2026-02-17 07:07:00.000,133,20
2903012,2026-04-02 15:30:00.000,2001,2
2903390,2026-03-23 12:48:00.000,989,100
2902294,2025-10-01 22:52:00.000,133,30
2902195,2025-08-09 00:57:00.000,2002,2
2901604,2026-01-20 10:35:00.000,99,200
2901242,2025-09-17 01:16:00.000,2001,1
2901972,2025-07-21 23:03:00.000,133,30
2902455,2026-01-22 23:43:00.000,988,2
2901896,2025-09-25 11:20:00.000,1001,2
2901520,2026-03-26 21:46:00.000,99,300
2901489,2025-08-29 10:38:00.000,2003,1
2904080,2026-02-04 18:37:00.000,2001,4
2902005,2025-12-20 01:59:00.000,99,100
2903135,2026-02-10 08:50:00.000,2001,3
2902104,2025-08-08 09:57:00.000,146,25
2903462,2025-08-01 05:17:00.000,133,30
2902750,2025-08-08 00:41:00.000,133,20
2902629,2026-02-28 01:00:00.000,133,30
2901440,2025-09-05 08:15:00.000,2001,1
2902421,2026-01-16 02:13:00.000,133,50
2901557,2026-01-23 17:11:00.000,146,50
2901593,2026-02-14 18:42:00.000,989,50
2901469,2025-07-28 21:52:00.000,2001,1
2901886,2026-03-03 04:44:00.000,988,1
2903228,2025-11-29 00:21:00.000,2002,2
2903515,2026-03-21 00:03:00.000,133,20
2901776,2026-03-13 03:58:00.000,133,10
2903647,2026-02-18 15:56:00.000,133,20
2903750,2026-04-03 12:52:00.000,99,200
2903959,2025-07-07 20:21:00.000,2001,1
2902958,2025-07-22 12:25:00.000,989,100
2901842,2026-01-10 05:59:00.000,133,20
2902411,2026-03-26 03:35:00.000,2003,1
2901522,2025-10-07 05:03:00.000,2001,2
2903314,2026-02-16 01:33:00.000,133,20
2902462,2025-08-25 08:19:00.000,133,50
2901073,2026-01-28 15:43:00.000,146,25
2901661,2026-02-05 14:22:00.000,99,300
2902349,2026-03-12 14:39:00.000,989,75
2902056,2025-09-30 02:52:00.000,146,50
2901337,2025-08-05 22:10:00.000,97,200
2904076,2025-08-03 07:42:00.000,2003,1
2901614,2025-11-28 15:58:00.000,146,25
2901171,2025-10-18 09:55:00.000,133,30
2901668,2026-03-04 17:10:00.000,97,100
2903712,2025-08-26 16:46:00.000,133,20
2902696,2026-03-06 23:29:00.000,133,10
2903050,2026-02-01 02:10:00.000,133,10
2903003,2026-01-01 22:08:00.000,988,3
2901449,2025-08-27 01:11:00.000,2001,1
2902683,2026-01-09 16:51:00.000,2001,1
2902328,2026-04-03 19:21:00.000,133,30
2902101,2025-10-17 20:19:00.000,2003,1
2903035,2025-09-10 21:47:00.000,1000,1
2902779,2026-03-11 04:28:00.000,133,60
2903518,2025-11-05 00:14:00.000,133,30
2902942,2026-01-07 08:50:00.000,1000,1
2902396,2026-01-25 10:16:00.000,97,100
2901953,2026-02-26 09:58:00.000,146,25
2901690,2025-11-12 07:10:00.000,99,200
2901349,2025-09-12 14:51:00.000,133,50
2901725,2026-03-28 04:20:00.000,133,20
2902131,2026-01-11 03:17:00.000,146,50
2904085,2026-03-23 19:24:00.000,146,25
2901084,2026-03-23 10:13:00.000,146,25
2902273,2026-03-27 06:00:00.000,1001,1
2903585,2026-02-27 15:05:00.000,99,200
2902692,2025-10-15 09:46:00.000,989,50
2901445,2026-01-20 00:21:00.000,988,4
2901410,2025-11-14 01:31:00.000,133,50
2902619,2025-11-30 03:33:00.000,988,1
2902225,2025-10-03 16:29:00.000,133,20
2902036,2025-09-09 21:46:00.000,2002,1
2904077,2025-10-02 18:19:00.000,99,200
2901226,2026-02-07 19:26:00.000,133,10
2901702,2026-03-11 13:30:00.000,146,25
2901538,2025-11-20 06:15:00.000,989,25
2901403,2025-11-23 06:34:00.000,989,50
2903488,2026-03-18 02:15:00.000,989,50
2902560,2026-01-27 23:33:00.000,2003,1
2902046,2026-01-10 13:09:00.000,133,20
2903029,2025-11-11 00:05:00.000,989,25
2902185,2025-12-02 15:45:00.000,2002,1
2902705,2026-03-21 13:57:00.000,146,50
2901608,2026-01-25 05:54:00.000,133,10
2901104,2026-03-28 00:18:00.000,989,25
2901812,2026-01-13 19:53:00.000,133,20
2903118,2026-02-27 14:51:00.000,97,100
2903541,2025-11-28 14:35:00.000,989,25
2902887,2026-01-04 14:01:00.000,988,2
2903494,2026-01-15 05:16:00.000,989,25
2901255,2026-02-09 01:40:00.000,133,20
2902144,2025-12-17 04:12:00.000,988,1
2901704,2026-03-26 22:03:00.000,97,200
2901699,2025-12-23 16:17:00.000,98,100
2903883,2026-03-26 04:57:00.000,133,20
2902117,2025-10-22 06:41:00.000,133,20
2903453,2026-02-11 23:02:00.000,133,20
2904047,2026-01-30 20:50:00.000,146,50
2902564,2026-03-15 16:11:00.000,133,20
2902257,2026-04-10 03:18:00.000,146,25
2901527,2026-03-14 06:13:00.000,133,30
2901684,2026-01-30 21:08:00.000,2003,1
2903193,2025-08-14 02:34:00.000,133,30
2901465,2026-04-01 16:42:00.000,133,20
2902067,2026-03-04 10:06:00.000,989,50
2901884,2025-12-01 08:11:00.000,989,100
2901619,2026-03-11 10:14:00.000,133,10
2903407,2026-03-04 02:50:00.000,133,30
2903878,2026-01-13 15:21:00.000,133,20
2902517,2025-09-25 01:10:00.000,146,25
2902932,2025-09-12 12:40:00.000,989,50
2902076,2026-03-23 10:50:00.000,133,10
2903579,2025-08-10 04:07:00.000,133,30
2902310,2025-10-23 11:19:00.000,146,50
2902550,2026-02-11 18:14:00.000,146,25
2901137,2025-12-09 00:52:00.000,133,40
2903899,2026-02-08 12:21:00.000,133,20
2902905,2025-11-06 08:03:00.000,133,20
2901799,2026-02-05 00:56:00.000,97,200
2902753,2025-08-24 05:00:00.000,133,30
2902995,2026-01-22 20:43:00.000,146,50
2902960,2025-11-21 11:52:00.000,146,25
2901549,2025-12-05 09:55:00.000,97,200
2903387,2025-12-24 21:23:00.000,2003,1
2904084,2026-04-02 02:43:00.000,146,25
2903337,2025-12-31 18:37:00.000,989,100
2901083,2025-12-18 06:22:00.000,133,30
2903651,2026-01-28 14:09:00.000,2001,1
2901968,2026-01-14 09:20:00.000,2001,2
2901722,2025-10-04 05:44:00.000,146,50
2902022,2026-03-21 14:20:00.000,133,10
2902863,2025-11-02 00:43:00.000,133,30
2901303,2025-11-29 22:27:00.000,133,30
2902835,2025-10-27 01:46:00.000,133,30
2901488,2026-04-11 03:52:00.000,146,25
2903014,2026-01-30 23:14:00.000,1002,1
2903816,2025-08-15 20:51:00.000,99,200
2901849,2026-02-04 11:35:00.000,133,20
2902292,2025-09-29 01:32:00.000,1000,1
2902620,2026-03-03 07:12:00.000,146,50
2901909,2026-03-11 18:35:00.000,133,10
2902453,2026-04-26 22:03:00.000,1000,2
2903317,2026-01-07 21:47:00.000,146,50
2901389,2025-08-08 16:43:00.000,133,30
2903170,2026-03-14 07:05:00.000,133,10
2902044,2025-11-19 14:30:00.000,989,100
2901024,2026-02-06 11:45:00.000,99,100
2903658,2026-02-02 15:26:00.000,133,30
2901352,2026-02-20 14:38:00.000,989,75
2901129,2026-04-10 05:41:00.000,133,30
2902566,2026-01-14 14:00:00.000,99,300
2901314,2026-03-23 11:58:00.000,1001,1
2903254,2025-08-29 11:25:00.000,133,30
2903869,2026-02-02 04:28:00.000,988,2
2903649,2025-12-12 19:49:00.000,2001,1
2901621,2026-04-05 17:46:00.000,2001,2
2901254,2025-11-28 01:52:00.000,133,30
2901727,2026-03-30 18:47:00.000,989,100
2901808,2025-12-03 05:19:00.000,133,30
2902218,2026-03-14 18:19:00.000,97,200
2901923,2025-08-27 18:38:00.000,99,200
2904073,2025-10-24 02:20:00.000,133,20
2903218,2025-11-21 19:54:00.000,99,300
2902588,2026-02-22 15:15:00.000,146,25
2902196,2026-03-26 21:31:00.000,133,10
2901532,2026-04-18 23:18:00.000,988,1
2901665,2025-08-25 03:06:00.000,1000,1
2901458,2026-03-30 23:47:00.000,133,10
2902579,2026-01-19 17:21:00.000,989,25
2901446,2026-02-08 05:20:00.000,989,50
2904081,2025-10-30 19:28:00.000,133,20
2901225,2026-03-17 19:33:00.000,99,300
2902442,2025-07-31 11:32:00.000,133,30
2902963,2025-09-10 18:15:00.000,99,100
2901149,2026-01-25 08:08:00.000,1000,1
2902097,2026-02-13 04:39:00.000,97,200
2901284,2025-09-02 06:32:00.000,133,20
2903205,2026-01-27 19:19:00.000,133,10
2903780,2025-10-01 08:29:00.000,133,30
2902332,2026-01-10 05:20:00.000,989,50
2903507,2026-03-11 16:27:00.000,133,10
2903874,2025-07-14 07:53:00.000,146,100
2903895,2025-09-10 01:48:00.000,133,20
2902816,2026-02-01 05:32:00.000,99,100
2903512,2025-09-18 03:51:00.000,99,100
2903540,2026-01-22 08:50:00.000,146,25
2901706,2026-03-21 13:45:00.000,146,25
2902575,2026-04-01 23:12:00.000,2001,2
2903439,2025-12-06 13:26:00.000,133,50
2901803,2026-03-11 21:21:00.000,133,30
2902124,2025-09-13 12:09:00.000,2001,4
2901768,2025-10-20 04:53:00.000,146,100
2901274,2026-01-11 15:18:00.000,133,10
2902749,2026-01-17 08:52:00.000,2001,3
2902293,2026-01-12 04:54:00.000,146,25
2904032,2025-12-28 04:16:00.000,146,25
2901938,2025-08-19 06:22:00.000,97,100
2901892,2025-10-22 12:15:00.000,146,50
2901360,2026-02-05 08:13:00.000,988,1
2901058,2026-01-11 18:49:00.000,133,10
2903972,2025-10-19 13:57:00.000,989,25
2903361,2025-10-19 06:28:00.000,2001,3
2902337,2025-09-17 10:28:00.000,2003,1
2902123,2025-07-28 00:38:00.000,988,5
2901286,2026-03-05 17:34:00.000,99,300
2903619,2025-10-03 22:11:00.000,97,100
2901052,2025-11-02 20:28:00.000,146,25
2903379,2026-01-04 21:47:00.000,133,20
2903760,2025-08-08 08:12:00.000,989,25
2902823,2025-09-30 08:46:00.000,133,50
2903175,2025-10-15 16:58:00.000,133,20
2903491,2025-11-04 01:26:00.000,1003,1
2901304,2026-01-05 05:09:00.000,989,25
2903162,2026-04-03 15:44:00.000,146,50
2904079,2026-04-20 20:02:00.000,988,3
2903638,2025-11-19 17:20:00.000,133,30
2901222,2025-08-19 22:15:00.000,2001,4
2901450,2025-10-19 14:02:00.000,133,30
2901296,2025-08-17 12:01:00.000,99,200
2902182,2026-01-10 18:09:00.000,146,25
2903559,2026-02-12 04:13:00.000,988,2
2901273,2026-03-16 06:04:00.000,133,20
2903542,2026-02-16 04:20:00.000,989,100
2901066,2026-04-02 12:28:00.000,97,500
2902527,2025-12-02 14:35:00.000,2003,1
2902777,2026-02-03 22:45:00.000,133,10
2903521,2026-04-10 06:40:00.000,2001,2
2903669,2026-04-01 17:42:00.000,133,10
2901730,2026-03-30 00:24:00.000,988,2
2903671,2025-12-06 16:12:00.000,97,700
2903105,2026-02-09 21:58:00.000,146,25
2904067,2026-02-01 22:41:00.000,2003,1
2903854,2026-02-01 19:54:00.000,989,25
2902819,2026-04-13 10:08:00.000,133,30
2901630,2025-08-28 05:51:00.000,133,20
2903318,2025-12-12 11:33:00.000,133,30
2903653,2025-12-14 00:10:00.000,99,200
2902481,2026-03-08 04:39:00.000,99,500
2903876,2026-02-16 13:47:00.000,989,50
2901095,2026-01-20 00:49:00.000,146,25
2902653,2025-12-25 00:29:00.000,146,25
2902350,2026-03-27 14:26:00.000,2001,1
2901882,2026-01-16 06:52:00.000,98,200
2902972,2026-03-14 04:30:00.000,146,25
2901109,2026-03-05 15:09:00.000,146,25
2901411,2026-02-12 00:42:00.000,146,25
2902493,2026-03-09 19:33:00.000,98,300
2903321,2026-03-05 01:21:00.000,133,20
2901541,2026-01-11 01:56:00.000,989,25
2903396,2026-04-01 09:35:00.000,146,25
2901677,2026-01-15 07:03:00.000,1000,2
2901929,2025-10-10 05:53:00.000,989,50
2902380,2025-10-20 20:56:00.000,133,30
2903763,2026-04-02 07:49:00.000,133,10
2902256,2026-03-30 21:14:00.000,133,20
2902515,2026-03-14 08:29:00.000,99,300
2902508,2025-07-23 08:54:00.000,133,20
2901217,2026-02-28 07:27:00.000,133,10
2901898,2026-04-02 00:41:00.000,989,50
2901038,2025-10-12 05:24:00.000,133,30
2903622,2025-09-12 20:32:00.000,133,30
2902010,2025-07-29 11:06:00.000,133,30
2903677,2025-10-03 20:53:00.000,99,700
2903898,2026-03-20 21:28:00.000,146,100
2903994,2026-02-12 14:22:00.000,146,25
2903080,2026-01-07 23:32:00.000,2002,1
2903953,2026-01-16 23:00:00.000,989,25
2901235,2025-11-07 21:36:00.000,146,25
2901386,2026-03-10 05:21:00.000,2002,1
2903942,2026-03-13 21:29:00.000,133,60
2901922,2026-01-28 11:17:00.000,98,200
2902695,2025-08-22 07:00:00.000,2002,1
2903474,2025-07-21 20:20:00.000,2001,1
2902934,2025-09-03 09:59:00.000,146,25
2903679,2025-07-08 20:48:00.000,1003,1
2901770,2026-02-17 05:20:00.000,133,10
2902949,2025-09-02 02:33:00.000,2002,1
2901295,2025-08-28 17:32:00.000,133,30
2902299,2026-02-03 11:22:00.000,99,200
2901124,2025-10-15 20:26:00.000,133,30
2901545,2025-08-15 09:44:00.000,98,100
2901662,2025-11-12 08:14:00.000,133,30
2901686,2026-02-26 02:42:00.000,988,3
2901164,2025-07-19 12:36:00.000,99,300
2901960,2025-10-13 23:21:00.000,98,200
2903310,2026-04-21 16:28:00.000,98,400
2901570,2025-10-28 02:26:00.000,146,75
2902340,2026-03-18 04:42:00.000,133,10
2903165,2026-02-11 17:22:00.000,2003,1
2904074,2026-01-19 16:33:00.000,988,1
2903662,2026-04-12 18:22:00.000,133,30
2903961,2026-04-28 09:49:00.000,1000,2
2903508,2025-08-07 13:36:00.000,146,75
2901679,2026-03-03 20:44:00.000,146,50
2903481,2026-03-22 11:06:00.000,133,20
2902509,2026-04-14 17:02:00.000,99,200
2903104,2026-01-30 11:18:00.000,2001,2
2903768,2025-11-20 07:55:00.000,133,30
2903044,2025-09-03 23:01:00.000,989,50
2903033,2026-03-15 16:45:00.000,988,2
2901632,2025-12-14 21:15:00.000,988,1
2901625,2025-10-01 17:09:00.000,989,25
2901421,2026-02-21 08:20:00.000,146,100
2903584,2025-08-07 09:08:00.000,146,25
2901981,2026-04-13 18:53:00.000,988,1
2903288,2026-02-05 09:39:00.000,133,20
2902676,2026-03-30 06:48:00.000,1000,2
2901359,2026-03-24 14:58:00.000,2001,1
2901196,2025-10-03 06:17:00.000,133,20
2901300,2025-10-03 19:44:00.000,988,2
2902747,2025-08-16 00:43:00.000,133,30
2901932,2025-10-02 10:08:00.000,133,20
2901248,2026-01-01 16:49:00.000,1000,1
2903939,2025-07-23 15:55:00.000,2003,1
2902108,2026-03-07 07:20:00.000,99,300
2901026,2026-01-08 15:45:00.000,989,75
2901162,2026-04-08 14:49:00.000,97,300
2903711,2025-11-20 09:22:00.000,988,1
2903386,2026-03-28 01:27:00.000,146,50
2902971,2025-10-08 08:30:00.000,146,25
2901051,2025-08-15 09:21:00.000,988,1
2901880,2026-03-04 00:45:00.000,989,25
2902055,2025-12-22 21:32:00.000,146,25
2902495,2025-11-15 07:38:00.000,988,1
2903797,2025-09-25 00:00:00.000,989,50
2903182,2026-03-29 01:51:00.000,989,100
2903556,2026-02-11 20:48:00.000,989,25
2902438,2025-10-07 00:35:00.000,97,200
2903090,2026-03-13 11:23:00.000,133,30
2902722,2025-11-15 15:37:00.000,133,20
2902388,2025-10-05 16:33:00.000,989,100
2903792,2026-03-31 11:59:00.000,98,100
2903384,2026-03-13 10:43:00.000,146,100
2903862,2025-09-25 14:59:00.000,988,1
2902632,2025-12-04 11:59:00.000,146,50
2903053,2026-01-17 17:15:00.000,133,10
2902979,2025-09-30 05:01:00.000,97,400
2901432,2026-02-03 22:56:00.000,146,50
2901385,2026-01-14 18:05:00.000,2001,1
2902373,2026-03-23 03:30:00.000,2003,1
2903458,2025-11-21 05:43:00.000,99,200
2903940,2026-03-21 03:17:00.000,146,25
